{
    "0": {
        "id": "1054521290500046849",
        "like": "0",
        "replies": "0",
        "retweets": "1",
        "text": "#15LawrenceLane\n#WestamptonNJ\nDoes it still #Flood causing #Mold",
        "timestamp": "2018-10-22 23:54:02",
        "user": "cdshore"
    },
    "1": {
        "id": "1054515242095525889",
        "like": "0",
        "replies": "0",
        "retweets": "1",
        "text": "The forecast map for this evening     \n Radars at : \u00a0\u00a0http://www.weather.pub\u00a0\u00a0\u00a0\n#wx #weather #storm #hail #wind #flooding #traffic #flood #frost #colder #cold #dry #Mondaypic.twitter.com/6y9P0pEug6",
        "timestamp": "2018-10-22 23:30:00",
        "user": "livewxradar"
    },
    "2": {
        "id": "1054512636044460032",
        "like": "0",
        "replies": "0",
        "retweets": "0",
        "text": " New map: [#EMSR326] Malaga: Delineation Map [v1, 1:95000]\n http://j.mp/2PJkUSx\u00a0 \u2014 #flood #delineation in #Spain\n#Copernicus #CEMS #RapidMapping #EUCivPro",
        "timestamp": "2018-10-22 23:19:38",
        "user": "CopernicusEMS"
    },
    "3": {
        "id": "1054512631120388097",
        "like": "0",
        "replies": "0",
        "retweets": "3",
        "text": " New map: [#EMSR326] Ronda: Delineation Map [v1, 1:95000]\n http://j.mp/2POiUZv\u00a0 \u2014 #flood #delineation in #Spain\n#Copernicus #CEMS #RapidMapping #EUCivPro",
        "timestamp": "2018-10-22 23:19:37",
        "user": "CopernicusEMS"
    },
    "4": {
        "id": "1054512626527539201",
        "like": "1",
        "replies": "0",
        "retweets": "3",
        "text": " New map: [#EMSR326] Antequera: Delineation Map [v1, 1:95000]\n http://j.mp/2PP6voa\u00a0 \u2014 #flood #delineation in #Spain\n#Copernicus #CEMS #RapidMapping #EUCivPro",
        "timestamp": "2018-10-22 23:19:36",
        "user": "CopernicusEMS"
    },
    "5": {
        "id": "1054512621351813120",
        "like": "0",
        "replies": "0",
        "retweets": "0",
        "text": " New map: [#EMSR326] Moron de la Frontera: Delineation Map [v1, 1:95000]\n http://j.mp/2PW262w\u00a0 \u2014 #flood #delineation in #Spain\n#Copernicus #CEMS #RapidMapping #EUCivPro",
        "timestamp": "2018-10-22 23:19:35",
        "user": "CopernicusEMS"
    },
    "6": {
        "id": "1054511039209852928",
        "like": "0",
        "replies": "1",
        "retweets": "0",
        "text": "#flood",
        "timestamp": "2018-10-22 23:13:18",
        "user": "mertyanatanggu"
    },
    "7": {
        "id": "1054510416422993921",
        "like": "1",
        "replies": "1",
        "retweets": "0",
        "text": "Acep, g\u00fcnahs\u0131z bir kul, var m\u0131d\u0131r yer y\u00fcz\u00fcnde,\nKim, duyar, hissederse, o g\u00fcnah\u0131 \u00f6z\u00fcnde,\nO'na t\u00f6vbe edip de, durur ise s\u00f6z\u00fcnde,\n\u015e\u00fcphesiz ki, kulunu, affeden \u011eAFF\u00c2R d\u0131r O.\n\n#Flood",
        "timestamp": "2018-10-22 23:10:49",
        "user": "Der_Turken"
    },
    "8": {
        "id": "1054510158133452800",
        "like": "0",
        "replies": "1",
        "retweets": "0",
        "text": "@mertyanatanggu Hello, I am Bencana Bot, reply with #flood to send me your flood report. pic.twitter.com/u4JEkZx6uM",
        "timestamp": "2018-10-22 23:09:48",
        "user": "petabencana"
    },
    "9": {
        "id": "1054509501410406402",
        "like": "2",
        "replies": "1",
        "retweets": "2",
        "text": "inundaciones en Caracas mal mantenimiento de las v\u00edas p\u00fablicas crea colapso por lluvias #22Oct #PrayForVenezuela #Flood #Venezuela #Lluvia #ChavismoOriginariopic.twitter.com/WioyTGRzGc",
        "timestamp": "2018-10-22 23:07:11",
        "user": "Anonymouspmv"
    },
    "10": {
        "id": "1054509330018549760",
        "like": "4",
        "replies": "0",
        "retweets": "1",
        "text": "When I wrote #FLOOD and set Laura Brooks' story in @GoHannibalMO I dreamed of escaping to #QuarryFarm @MarkTwainCenter where literary magic happens. @HachetteUS @rhaliterary @centerstreet #MarkTwain #hometown #writefromrootspic.twitter.com/6gzDejLy1N",
        "timestamp": "2018-10-22 23:06:30",
        "user": "mscholesyoung"
    },
    "11": {
        "id": "1054508784196960256",
        "like": "0",
        "replies": "1",
        "retweets": "2",
        "text": "#Flood en Trinidad y Tobago #Trinidad #prayforTrinidadpic.twitter.com/wsVYBZBMsC",
        "timestamp": "2018-10-22 23:04:20",
        "user": "Anonymouspmv"
    },
    "12": {
        "id": "1054507840407166976",
        "like": "0",
        "replies": "0",
        "retweets": "0",
        "text": "#insurance #rentersinsurance ##autoinsurance #businessinsurance #lifeinsurance #njinsurance #flood #floodinsurance\u2026http://farmersinsuranceagentmanishgandhi.usasocialmarketing.com/content/5bc609830abf6\u00a0\u2026",
        "timestamp": "2018-10-22 23:00:35",
        "user": "manishgandhi786"
    },
    "13": {
        "id": "1054505086641209344",
        "like": "3",
        "replies": "0",
        "retweets": "1",
        "text": " New map: [#EMSR326] Malaga: Delineation Map [v0, 1:95000]\n http://j.mp/2yu9wn1\u00a0 \u2014 #flood #delineation in #Spain\n#Copernicus #CEMS #RapidMapping #EUCivPro",
        "timestamp": "2018-10-22 22:49:39",
        "user": "CopernicusEMS"
    },
    "14": {
        "id": "1054505081960316928",
        "like": "1",
        "replies": "0",
        "retweets": "1",
        "text": " New map: [#EMSR326] Ronda: Delineation Map [v0, 1:95000]\n http://j.mp/2yuVd1v\u00a0 \u2014 #flood #delineation in #Spain\n#Copernicus #CEMS #RapidMapping #EUCivPro",
        "timestamp": "2018-10-22 22:49:37",
        "user": "CopernicusEMS"
    },
    "15": {
        "id": "1054502412717703171",
        "like": "2",
        "replies": "0",
        "retweets": "3",
        "text": "Add \"running out of water\" to the ways extreme rainfall is hitting  Texas. Austin is begging people to stop using water to prevent the city  (major city!) from completely running dry. #weather #flood #rainfall #infrastructurehttps://twitter.com/AustinWater/status/1054490517151629312\u00a0\u2026",
        "timestamp": "2018-10-22 22:39:01",
        "user": "ai6yrham"
    },
    "16": {
        "id": "1054500803250192384",
        "like": "0",
        "replies": "0",
        "retweets": "0",
        "text": "Caracas #Flood #Venezuela #22Oct #ChavismoOriginariopic.twitter.com/P25eSjhdCc",
        "timestamp": "2018-10-22 22:32:37",
        "user": "Anonymouspmv"
    },
    "17": {
        "id": "1054492619110260736",
        "like": "1",
        "replies": "1",
        "retweets": "0",
        "text": "#Africa #crossing the #ocean towards the #Americas & #Canada, even #Europe, literally resides in #Israel within its #Biblical borders from north to south & from west to east returning #home like the #animals came to #Noah to be saved from the #flood of #darkness all around...4/5",
        "timestamp": "2018-10-22 22:00:06",
        "user": "SchaepdryverB"
    },
    "18": {
        "id": "1054489749954744321",
        "like": "7",
        "replies": "0",
        "retweets": "5",
        "text": "Great #flood infographic. In UK there's a big lobby for not building on 'green belt' round towns/cities but not a big enough voice to avoid building on floodplains #resilience #NFM #SlowingTheFlowhttps://twitter.com/bradzarnett/status/1054008741413220352\u00a0\u2026",
        "timestamp": "2018-10-22 21:48:42",
        "user": "StuartMcLelland"
    },
    "19": {
        "id": "1054489249620332545",
        "like": "0",
        "replies": "0",
        "retweets": "0",
        "text": "#climatechange #flood https://lnkd.in/dGriWqp\u00a0",
        "timestamp": "2018-10-22 21:46:43",
        "user": "BruceBarr1"
    }
}