{
    "0": {
        "id": "1055235768547983361",
        "like": "1",
        "replies": "0",
        "retweets": "0",
        "text": "Extremadamente grave situaci\u00f3n por inundaciones  , En estos momentos en los municipios de #Acaponeta, #Tecuala y #Tuxpan en #Nayarit M\u00e9xico  por desborde de r\u00edos #videos #floods #rain #inundaciones #evacuacion 24/10.\nhttps://m.facebook.com/story.php?story_fbid=10217308974174791&id=1185863371\u00a0\u2026",
        "timestamp": "2018-10-24 23:13:07",
        "user": "Giulian30936403"
    },
    "1": {
        "id": "1055235022310043648",
        "like": "2",
        "replies": "0",
        "retweets": "0",
        "text": "The sun sets over quai d\u2019Orsay during the springtime floods on the Left Bank in March 2001.\n#quaidOrsay #springtime #floods #LeftBank #RiverSeine #Paris #crues https://www.davidphenry.com/Paris/paris044.htm\u00a0\u2026pic.twitter.com/DQQpJ6nh84",
        "timestamp": "2018-10-24 23:10:09",
        "user": "davidphenry"
    },
    "2": {
        "id": "1055232790927687680",
        "like": "1",
        "replies": "0",
        "retweets": "2",
        "text": "Extremadamente grave situaci\u00f3n por inundaciones  , En estos momentos en los municipios de #Acaponeta, #Tecuala y #Tuxpan en #Nayarit M\u00e9xico  por desborde de r\u00edos #videos #floods #rain #inundaciones #evacuacion 24/10.pic.twitter.com/CxfCbOwpEr",
        "timestamp": "2018-10-24 23:01:17",
        "user": "RADICAL7777"
    },
    "3": {
        "id": "1055232685734617093",
        "like": "1",
        "replies": "0",
        "retweets": "1",
        "text": "@alertarojanot\nExtremadamente grave situaci\u00f3n por inundaciones  , En estos momentos en los municipios de #Acaponeta, #Tecuala y #Tuxpan en #Nayarit M\u00e9xico  por desborde de r\u00edos #videos #floods #rain #inundaciones #evacuacion 24/10.pic.twitter.com/taeT2dXbIp",
        "timestamp": "2018-10-24 23:00:52",
        "user": "EduardoElTiempo"
    },
    "4": {
        "id": "1055232317806071808",
        "like": "43",
        "replies": "2",
        "retweets": "61",
        "text": "Extremadamente grave situaci\u00f3n por inundaciones  , En estos momentos en los municipios de #Acaponeta, #Tecuala y #Tuxpan en #Nayarit M\u00e9xico  por desborde de r\u00edos #videos #floods #rain #inundaciones #evacuacion 24/10.pic.twitter.com/nHgLibVsFy",
        "timestamp": "2018-10-24 22:59:24",
        "user": "alertarojanot"
    },
    "5": {
        "id": "1055212164238241793",
        "like": "0",
        "replies": "0",
        "retweets": "0",
        "text": "New research shows storm runoff extremes increasing (even more than rainfall extremes) creating greater potential for flash #floods and associated impacts on communities and ecosystems: https://www.sciencedaily.com/releases/2018/10/181022085820.htm\u00a0\u2026",
        "timestamp": "2018-10-24 21:39:19",
        "user": "KrisAJohnson"
    },
    "6": {
        "id": "1055200936317124609",
        "like": "2",
        "replies": "0",
        "retweets": "0",
        "text": "Build forward, not back.  #NJAFM2018 #floods @GannettFlemingpic.twitter.com/bVaGhQHcaX",
        "timestamp": "2018-10-24 20:54:42",
        "user": "JessicaMcSulla"
    },
    "7": {
        "id": "1055196955326988288",
        "like": "1",
        "replies": "0",
        "retweets": "1",
        "text": "Does #Cumbria get more damaging #floods than anywhere else in England? This bridge in #Cockermouth replaced one destroyed in the 2009 floods. That one was wrecked by a flood only days after it was completed in 1962. The 1962 one replaced one destroyed in the 30s!pic.twitter.com/TAVEPlJHCD",
        "timestamp": "2018-10-24 20:38:53",
        "user": "DrEdHenderson"
    },
    "8": {
        "id": "1055191357583736832",
        "like": "1",
        "replies": "0",
        "retweets": "1",
        "text": "Did you know Hurricane Harvey flooded an area four times the size of NJ?  #NJAFM2018 @GannettFleming #floods pic.twitter.com/Pk9uY4H8mT",
        "timestamp": "2018-10-24 20:16:38",
        "user": "JessicaMcSulla"
    },
    "9": {
        "id": "1055181852779130882",
        "like": "10",
        "replies": "0",
        "retweets": "7",
        "text": "Follow our AHRC project, Past Floods Matter @pastflood We're studying Internal Drainage Board records, sharing findings with flood mitigation practitioners and catchment communities. Cumbria, E Yorks, Lincolnshire and Somerset #Floodies2018 #Flooding #waterhistory #Flood #floods https://twitter.com/pastflood/status/1055050843710504960\u00a0\u2026",
        "timestamp": "2018-10-24 19:38:52",
        "user": "LeonaSkelton1"
    },
    "10": {
        "id": "1055179356379770880",
        "like": "2",
        "replies": "1",
        "retweets": "1",
        "text": "Our South West office have completed another river survey in west #Wales on the river #Teifi lots of debris from the recent #floods still around pic.twitter.com/TAvrMGZLr5",
        "timestamp": "2018-10-24 19:28:57",
        "user": "SteveDrew_SG"
    },
    "11": {
        "id": "1055164695907307521",
        "like": "0",
        "replies": "0",
        "retweets": "0",
        "text": "#Earthquake #Hurricane #Floods #CivilUnrest! Are you preparedhttp://ow.ly/2HSK30mjdIC\u00a0",
        "timestamp": "2018-10-24 18:30:42",
        "user": "rogue_survivor"
    },
    "12": {
        "id": "1055155227492605954",
        "like": "0",
        "replies": "0",
        "retweets": "0",
        "text": "RT https://twitter.com/insuranceftwTX/status/1055133900983349248\u00a0\u2026 RT https://twitter.com/insuranceftwTX/status/1055113741103194112\u00a0\u2026 RT https://twitter.com/webinsuranceguy/status/1055112119245570048\u00a0\u2026 #insurance #floodinsurance #insuranceagency #privatemarketflood #flooding #floods #hurricane #hurricaneseas\u2026pic.twitter.com/QG7CtBvwlv",
        "timestamp": "2018-10-24 17:53:04",
        "user": "insuranceftwTX"
    },
    "13": {
        "id": "1055141626966884352",
        "like": "0",
        "replies": "0",
        "retweets": "0",
        "text": "@SBAgov has opened a business recovery center at the @SBA_Wisconsin office, 740 Regent St., Suite 100, Madison, open 8am-5pm M-F! Those affected by Aug-Sept storms & #floods may borrow up to $2 million to repair/replace business assets. https://buff.ly/2SaDUuV\u00a0 #witrep #Wisconsinpic.twitter.com/NyVlKZB852",
        "timestamp": "2018-10-24 16:59:02",
        "user": "WisconsinSBDC"
    },
    "14": {
        "id": "1055137342124634112",
        "like": "0",
        "replies": "0",
        "retweets": "0",
        "text": "#Floods follow heavy rains, more to come across #Thailand - The Nationhttps://ecs.page.link/MKZw\u00a0",
        "timestamp": "2018-10-24 16:42:00",
        "user": "floodexpert"
    },
    "15": {
        "id": "1055137110401798144",
        "like": "0",
        "replies": "0",
        "retweets": "0",
        "text": "Residents stranded as #Weija #Dam spillage #floods homes http://sumo.ly/10OqX\u00a0pic.twitter.com/Jtio0Lm5cd",
        "timestamp": "2018-10-24 16:41:05",
        "user": "Hearsay56001039"
    },
    "16": {
        "id": "1055134356061200386",
        "like": "0",
        "replies": "0",
        "retweets": "0",
        "text": "Pope Francis has sent a telegram of solidarity to the people of\u00a0#TrinidadandTobago, after the recent #earthquakes and #floods.\nhttps://www.vaticannews.va/en/pope/news/2018-10/pope-francis-message-trinidad-tobago-earthquake-floods.html\u00a0\u2026",
        "timestamp": "2018-10-24 16:30:08",
        "user": "Lordrich6"
    },
    "17": {
        "id": "1055133900983349248",
        "like": "0",
        "replies": "0",
        "retweets": "0",
        "text": "RT https://twitter.com/insuranceftwTX/status/1055113741103194112\u00a0\u2026 RT https://twitter.com/webinsuranceguy/status/1055112119245570048\u00a0\u2026 #insurance #floodinsurance #insuranceagency #privatemarketflood #flooding #floods #hurricane #hurricaneseason #newhome #waterfront #ho\u2026 pic.twitter.com/QG7CtBvwlv",
        "timestamp": "2018-10-24 16:28:20",
        "user": "insuranceftwTX"
    },
    "18": {
        "id": "1055133012407603200",
        "like": "1",
        "replies": "0",
        "retweets": "0",
        "text": "Since #ClimateChange is more important than any other issue #deregulation #water #air #fires #drought #hurricane #floods #food #EPAhttps://twitter.com/AssaadRazzouk/status/1054049142337687554\u00a0\u2026",
        "timestamp": "2018-10-24 16:24:48",
        "user": "eagledowne"
    },
    "19": {
        "id": "1055123938395807745",
        "like": "3",
        "replies": "0",
        "retweets": "2",
        "text": "Super Typhoon Yutu Category 5 Strike\n#weatherchannel #HurricaneYutu\n#Weather #Storm #Storms #Guam\n#Saipan #Taiwan #Japan #HAARP\n#Flooding #Floods #FlashFlood\n#MarianaIslands #Pacific\n#USTerritories #WARNING #NationalWeatherService\nhttps://weather.com/storms/typhoon/news/2018-10-24-super-typhoon-yutu-mariana-islands-guam-western-pacific\u00a0\u2026\nClick LINK ABOVE for VID",
        "timestamp": "2018-10-24 15:48:44",
        "user": "William36718010"
    }
}