{
    "#cyclone": [
        {
            "id": "468371560546697216",
            "like": "61",
            "replies": "3",
            "retweets": "26",
            "text": "Not that everyday isn't a great day to be a #cyclone but today seems just a little more special for #cyclONEnation #futureisbright",
            "timestamp": "2014-05-19 12:44:16",
            "user": "mabde33"
        },
        {
            "id": "466632818467307520",
            "like": "24",
            "replies": "1",
            "retweets": "10",
            "text": "With 35 career starts, All-Big 12 center @Farnyard has the most career starts of any current #Cyclone. pic.twitter.com/rAgQEbGciz",
            "timestamp": "2014-05-14 17:35:08",
            "user": "CycloneFB"
        },
        {
            "id": "466629706033668096",
            "like": "54",
            "replies": "3",
            "retweets": "119",
            "text": "New NOAA led study finds max #tropical #cyclone intensity shifting toward poles http://1.usa.gov/1jtUQ5d\u00a0pic.twitter.com/cbPSFs7uli",
            "timestamp": "2014-05-14 17:22:46",
            "user": "NOAAComms"
        },
        {
            "id": "466442486404366336",
            "like": "0",
            "replies": "0",
            "retweets": "14",
            "text": "#LaR\u00e9union maintenant #Cyclone #LaPossession inondation imminente... #BelleDouceJourn\u00e9epic.twitter.com/h6qTNCnyP9",
            "timestamp": "2014-05-14 04:58:49",
            "user": "CyrilleMarceau"
        },
        {
            "id": "465231370542149632",
            "like": "7",
            "replies": "1",
            "retweets": "11",
            "text": "Impressive recruiting job by @ShaneBurnham52.  #Cyclone LB Jeremiah George drafted before Tampa area players James Wilder & Aaron Murray.",
            "timestamp": "2014-05-10 20:46:16",
            "user": "joshnewberg247"
        },
        {
            "id": "465203036688621568",
            "like": "124",
            "replies": "3",
            "retweets": "68",
            "text": "ISU's @JGeorge52 is the 4th #Cyclone drafted in the last 3 years. pic.twitter.com/7uY8StgcwR",
            "timestamp": "2014-05-10 18:53:41",
            "user": "CycloneFB"
        },
        {
            "id": "463760550531301377",
            "like": "15",
            "replies": "1",
            "retweets": "11",
            "text": "Big time moves are being made! #Cyclone #CHIclone",
            "timestamp": "2014-05-06 19:21:46",
            "user": "BUCoach_DDay"
        },
        {
            "id": "217075011641544705",
            "like": "1",
            "replies": "0",
            "retweets": "30",
            "text": "FWIW...#Cyclone Will Clyburn set a Cap City League record with 63 points tonight. Was 22-34 FG, 15-17 FT, 14 boards. And his team lost.",
            "timestamp": "2012-06-25 02:01:30",
            "user": "cuellarchris"
        },
        {
            "id": "385967604537380864",
            "like": "7",
            "replies": "2",
            "retweets": "12",
            "text": "I am SO PROUD of this #cyclone team.  We as fans should make sure that we acknowledge what our team just did.  Thank You #state",
            "timestamp": "2013-10-04 03:20:22",
            "user": "BiggsTRONg"
        },
        {
            "id": "385962967810199552",
            "like": "18",
            "replies": "2",
            "retweets": "39",
            "text": "I wonder how much of Mack's salary he used to pay these refs today?#refsblow #cyclone #BeatTexas",
            "timestamp": "2013-10-04 03:01:57",
            "user": "cy_unfiltered"
        },
        {
            "id": "385962294192377856",
            "like": "16",
            "replies": "0",
            "retweets": "37",
            "text": "Are the refs watching the same game that everyone else is? This is bull shit!!! #robbedbytherefs #cyclone #beattexas",
            "timestamp": "2013-10-04 02:59:16",
            "user": "cy_unfiltered"
        },
        {
            "id": "385951553569296384",
            "like": "11",
            "replies": "1",
            "retweets": "26",
            "text": "A #Cyclone BOLT! Aaron Wimberly zips 20yds after a #Texas fumble. #ISU back up 27-24, 11:37 left. #TEXvsISU.",
            "timestamp": "2013-10-04 02:16:35",
            "user": "ESPNCFB"
        },
        {
            "id": "385777345887363072",
            "like": "13",
            "replies": "0",
            "retweets": "16",
            "text": "Hey Christian Ponder. I don't know how to say this but I taught @samsteeleponder to move her body like a #cyclone pic.twitter.com/6Jd3Jfsr3q",
            "timestamp": "2013-10-03 14:44:21",
            "user": "SamISUQB12"
        },
        {
            "id": "385537724130013184",
            "like": "10",
            "replies": "0",
            "retweets": "14",
            "text": "Don't understand why my professors are having class and exams tomorrow?! Don't they understand that it's #cyclone #gameday ? #beattexas #isu",
            "timestamp": "2013-10-02 22:52:11",
            "user": "cy_unfiltered"
        },
        {
            "id": "383426214011994112",
            "like": "32",
            "replies": "3",
            "retweets": "223",
            "text": "RETWEET this for the #Cyclone victory tonight! #cyclONEnationpic.twitter.com/AJg2hBBNIW",
            "timestamp": "2013-09-27 03:01:47",
            "user": "CycloneATH"
        },
        {
            "id": "300089282591326208",
            "like": "3",
            "replies": "4",
            "retweets": "21",
            "text": "One for the ages   #satellite #cyclone #Nemo http://yfrog.com/mgh3xtp\u00a0",
            "timestamp": "2013-02-09 03:50:35",
            "user": "StuOstro"
        },
        {
            "id": "635919594545242112",
            "like": "15",
            "replies": "1",
            "retweets": "12",
            "text": "In 1959 #HarleyEarl Built One Of His Last @GM #Cars, The @Cadillac #Cyclone! #AmericanMadepic.twitter.com/h0io2pT6y2",
            "timestamp": "2015-08-24 21:00:20",
            "user": "CityCadillac"
        },
        {
            "id": "635476791608512512",
            "like": "53",
            "replies": "0",
            "retweets": "14",
            "text": "Former #Cyclone star @EjbibbsGLA has been on a mission at @Browns camp. #CyclONEnation http://www.cleveland.com/browns/index.ssf/2015/08/sink_or_swim_what_cleveland_br.html\u00a0\u2026pic.twitter.com/sgOTkIFB0J",
            "timestamp": "2015-08-23 15:40:48",
            "user": "CycloneFB"
        },
        {
            "id": "635220079920021504",
            "like": "22",
            "replies": "0",
            "retweets": "8",
            "text": "Nice article on former #Cyclone and late-camp @Redskins signee @EBRUNJR http://www.redskins.com/news-and-events/blog/article-1/Ernst-Brun-Jr-Leaves-Behind-Gymnastics-Coaching-For-The-Redskins/608d6a7b-9af2-46ef-a170-bde5c4bf8b69?campaign=was:fanshare:twitter\u00a0\u2026pic.twitter.com/dCq7g3Jmcf",
            "timestamp": "2015-08-22 22:40:43",
            "user": "CycloneFB"
        },
        {
            "id": "634759758336139265",
            "like": "2",
            "replies": "1",
            "retweets": "20",
            "text": "/!\\ Vigilance jaune #cyclone en cours dans les Antilles /!\\\nSuivez la situation sur > http://www.meteofrance.gp/vigilance-antilles-guyane\u00a0\u2026pic.twitter.com/xc1xOyK3Nv",
            "timestamp": "2015-08-21 16:11:34",
            "user": "meteofrance"
        },
        {
            "id": "634447200446193664",
            "like": "1",
            "replies": "0",
            "retweets": "28",
            "text": "#Martinique #cyclone #caraibes Le premier Ouragan de la saison menace les antilles http://martinique.la1ere.fr/2015/08/20/danny-est-devenue-un-ouragan-280263.html\u00a0\u2026",
            "timestamp": "2015-08-20 19:29:34",
            "user": "Martiniquela1e"
        },
        {
            "id": "634124205852893184",
            "like": "4",
            "replies": "1",
            "retweets": "21",
            "text": "La temp\u00eate tropicale #Danny pourrait se transformer en #cyclone dans les 48 prochaines heures. pic.twitter.com/MRma3DgSGN",
            "timestamp": "2015-08-19 22:06:06",
            "user": "Ameliebaron"
        },
        {
            "id": "633655734928998400",
            "like": "23",
            "replies": "1",
            "retweets": "4",
            "text": "ICYMI: Former #Cyclone TE @EBRUNJR signed with the @Redskins #CyclONEnation http://www.redskins.com/news-and-events/article-1/Redskins-Sign-Tight-Ends-DJ-Williams-And-Ernst-Brun/d0148122-0df8-4dac-9b6a-b91785be99e5\u00a0\u2026pic.twitter.com/MXxaWeZGnN",
            "timestamp": "2015-08-18 15:04:34",
            "user": "CycloneFB"
        },
        {
            "id": "633324366273482752",
            "like": "73",
            "replies": "0",
            "retweets": "23",
            "text": "Former #Cyclone @EjbibbsGLA is having a great camp with the @Browns. #CyclONEnation #NFL http://www.clevelandbrowns.com/news/article-5/Browns-TE-EJ-Bibbs-DL-Xavier-Cooper-carving-out-roles-/7f55170b-70dd-4ada-86cc-ae427e0021ff\u00a0\u2026pic.twitter.com/cuxlDNI2Vx",
            "timestamp": "2015-08-17 17:07:50",
            "user": "CycloneFB"
        },
        {
            "id": "633243875700809728",
            "like": "155",
            "replies": "19",
            "retweets": "41",
            "text": "Today's office @elementary_cbs #cyclone #coneyisland #nofilter https://instagram.com/p/6e71nsIl3N/\u00a0",
            "timestamp": "2015-08-17 11:47:59",
            "user": "LucyLiu"
        },
        {
            "id": "632588405457551360",
            "like": "22",
            "replies": "0",
            "retweets": "3",
            "text": "My house is empty, but feeling blessed as @MoPaige05 @marcuspaige5 take on their new journeys with power & passion!#Cyclone #seniorTarheel",
            "timestamp": "2015-08-15 16:23:23",
            "user": "SGPaige24"
        },
        {
            "id": "631580674814644224",
            "like": "49",
            "replies": "2",
            "retweets": "5",
            "text": "Congrats to @MoPaige05 now a Cyclone. Asst womens Bb coach & grad assistant! New adventure #cyclone nation pic.twitter.com/6gKxYU7ofB",
            "timestamp": "2015-08-12 21:39:01",
            "user": "SGPaige24"
        },
        {
            "id": "631113702624788481",
            "like": "43",
            "replies": "2",
            "retweets": "28",
            "text": "\u4eca\u65e5\u306eCyclone\u3082\u6700\u9ad8\u3067\u3057\u305f\uff01\uff1e_\uff1c\n\u7d04250\u540d\u306e\u304a\u5ba2\u69d8\u304c\u6765\u3066\u304f\u308c\u307e\u3057\u305f\uff1e_\uff1c\n\n#LUCIANO presents\n#cyclone\n#\u6e0b\u8c37pic.twitter.com/3T6jzwlpqP",
            "timestamp": "2015-08-11 14:43:26",
            "user": "luci0417luci"
        },
        {
            "id": "631110578765828098",
            "like": "21",
            "replies": "4",
            "retweets": "4",
            "text": "\u7d42\u59cb\u304a\u5ba2\u3055\u3093\u3067\u6ea2\u308c\u3066\u307e\u3057\u305f\n\u4e3b\u50ac\u306e\u30eb\u30b7\u541b\u3002\n\u6765\u3066\u304f\u308c\u305f\u304a\u5ba2\u69d8\u672c\u5f53\u306b\u3042\u308a\u304c\u3068\u3046\u3054\u3056\u3044\u307e\u3057\u305f(>_<)\n\u3053\u308c\u3060\u304b\u3089LIVE\u3063\u3066\u6700\u9ad8\u263a\ufe0e\n\u307e\u305f\u4f1a\u3044\u307e\u3057\u3087\u3046\u306d\n#Cyclone pic.twitter.com/7GyXZQrRJ2",
            "timestamp": "2015-08-11 14:31:02",
            "user": "masa_lovemusic"
        },
        {
            "id": "631055526881837057",
            "like": "5",
            "replies": "0",
            "retweets": "12",
            "text": "#Cyclone #Rohingya #URGENT Les victimes ont besoin de nourriture et d'abris ! Ils n'ont plus rien ! #douas svp  http://www.thestateless.com/2015/08/rohingya-flood-victims-urgent-need-of-food-and-shelter.html\u00a0\u2026",
            "timestamp": "2015-08-11 10:52:16",
            "user": "Collectif_HAMEB"
        },
        {
            "id": "630565199641055233",
            "like": "22",
            "replies": "2",
            "retweets": "7",
            "text": "Former #Cyclone OL @Farnyard playing in the HOF game for the Vikings tonighthttps://twitter.com/bulldoghoosier/status/630563693315518464\u00a0\u2026",
            "timestamp": "2015-08-10 02:23:53",
            "user": "Zacklopedia"
        },
        {
            "id": "629705537278513152",
            "like": "3",
            "replies": "2",
            "retweets": "11",
            "text": "Discrimination on floods and #Cyclone Komen victims based on race and religion. #Rohingya #Myanmar #HelpRohingyapic.twitter.com/ZZpSsBPqb4",
            "timestamp": "2015-08-07 17:27:54",
            "user": "Sthumoe"
        },
        {
            "id": "802179696607825920",
            "like": "43",
            "replies": "0",
            "retweets": "8",
            "text": "Saturday marks the final game for 22 #Cyclone seniors. #SeniorWeek #CyclONEnation http://cyclones.com/news/2016/11/25/football-final-game-for-cyclone-seniors.aspx\u00a0\u2026pic.twitter.com/m8PPduIOAU",
            "timestamp": "2016-11-25 15:58:38",
            "user": "CycloneFB"
        },
        {
            "id": "801975614878154752",
            "like": "12",
            "replies": "2",
            "retweets": "13",
            "text": "It\u2019s been 10 years since Severe Tropical #Cyclone Larry hit northern Qld, wiping out 80% of our banana crops http://www.bom.gov.au/cyclone/history/larry.shtml?cid=007tw14\u00a0\u2026pic.twitter.com/iTRylc3iM4",
            "timestamp": "2016-11-25 02:27:41",
            "user": "BOM_Qld"
        },
        {
            "id": "801946002802372608",
            "like": "103",
            "replies": "1",
            "retweets": "36",
            "text": "47 tackles, 2.0 TFL, 9 PBU, 2 INT. One of the best corners in the Big 12! Thanks for being a #Cyclone, @jamalw17! #SeniorWeek #CyclONEnationpic.twitter.com/h0A60xQaeV",
            "timestamp": "2016-11-25 00:30:01",
            "user": "CycloneFB"
        },
        {
            "id": "801923357033766912",
            "like": "120",
            "replies": "1",
            "retweets": "13",
            "text": "What an outstanding senior season for Patrick Scoggins! Thanks for being a #Cyclone, Patrick! #SeniorWeek #CyclONEnationpic.twitter.com/0d2h3TEi2y",
            "timestamp": "2016-11-24 23:00:01",
            "user": "CycloneFB"
        },
        {
            "id": "801912028030005249",
            "like": "61",
            "replies": "0",
            "retweets": "9",
            "text": "Thanks for being a #Cyclone, Justin! #SeniorWeek #CyclONEnationpic.twitter.com/UAH4hCJKHB",
            "timestamp": "2016-11-24 22:15:00",
            "user": "CycloneFB"
        },
        {
            "id": "801893151636000768",
            "like": "140",
            "replies": "1",
            "retweets": "17",
            "text": "69 tackles, 17.0 TFL, 6.0 sacks. What a great career! Thanks for being a #Cyclone, @Tha_blessed_kid! #SeniorWeek #CyclONEnationpic.twitter.com/NkU7eMWyXt",
            "timestamp": "2016-11-24 21:00:00",
            "user": "CycloneFB"
        },
        {
            "id": "801879312638976000",
            "like": "88",
            "replies": "1",
            "retweets": "17",
            "text": "73 tackles, 8.5 TFL, 2.0 sacks, 1 INT. Thanks for being a #Cyclone, Jay! #SeniorWeek #CyclONEnationpic.twitter.com/0HA2nV6nty",
            "timestamp": "2016-11-24 20:05:00",
            "user": "CycloneFB"
        },
        {
            "id": "801849113088126976",
            "like": "63",
            "replies": "0",
            "retweets": "10",
            "text": "Thanks for being a #Cyclone, Gabe! #SeniorWeek #CyclONEnationpic.twitter.com/APLSvvHTlt",
            "timestamp": "2016-11-24 18:05:00",
            "user": "CycloneFB"
        },
        {
            "id": "801832755789238272",
            "like": "42",
            "replies": "0",
            "retweets": "3",
            "text": "Thanks for being a #Cyclone, @OC_Hammer! #CyclONEnation #SeniorWeekpic.twitter.com/xi7n7CR5fY",
            "timestamp": "2016-11-24 17:00:00",
            "user": "CycloneFB"
        },
        {
            "id": "801802568322191360",
            "like": "108",
            "replies": "0",
            "retweets": "6",
            "text": "We only had Brian Bobek for one season, but what an impact he made! Thanks for being a #Cyclone, @brianbobek51! #SeniorWeek #CyclONEnationpic.twitter.com/Q2t0YJygMT",
            "timestamp": "2016-11-24 15:00:03",
            "user": "CycloneFB"
        },
        {
            "id": "801515107062808576",
            "like": "351",
            "replies": "3",
            "retweets": "81",
            "text": "Iowa State senior co-captain reflects on his #Cyclone career. Thanks for inspiring us, @MeyersMitchell. #CyclONEnation #SeniorWeekpic.twitter.com/5fnkJXcZmd",
            "timestamp": "2016-11-23 19:57:47",
            "user": "CycloneFB"
        },
        {
            "id": "801510867829460992",
            "like": "82",
            "replies": "1",
            "retweets": "11",
            "text": "Watching Nick Fett improve on the field has been amazing. Thanks for being a #Cyclone, @Fett70! #SeniorWeek #CyclONEnationpic.twitter.com/Vg5OY9ToCJ",
            "timestamp": "2016-11-23 19:40:56",
            "user": "CycloneFB"
        },
        {
            "id": "801486803136086016",
            "like": "61",
            "replies": "0",
            "retweets": "6",
            "text": "145 tackles, 4 INT, 27 PBU, 2 FF, 2 FR. Thanks for being a #Cyclone, @NtribuneNigel! #SeniorWeek #CyclONEnationpic.twitter.com/suDsJKmW9o",
            "timestamp": "2016-11-23 18:05:19",
            "user": "CycloneFB"
        },
        {
            "id": "801476434833395712",
            "like": "168",
            "replies": "0",
            "retweets": "25",
            "text": "One of ISU's top defenders, Kane Seeley is 2nd on the team in tackles (67). Thanks for being a #Cyclone, @kaneseeley! #SeniorWeekpic.twitter.com/wNUSu2RdmZ",
            "timestamp": "2016-11-23 17:24:07",
            "user": "CycloneFB"
        },
        {
            "id": "801463831419645956",
            "like": "109",
            "replies": "0",
            "retweets": "6",
            "text": "We couldn't of asked for a better captain. Thanks for being a #Cyclone, @MeyersMitchell! #SeniorWeek #CyclONEnationpic.twitter.com/cqmAVicNRM",
            "timestamp": "2016-11-23 16:34:02",
            "user": "CycloneFB"
        },
        {
            "id": "801442687220117506",
            "like": "165",
            "replies": "0",
            "retweets": "25",
            "text": "One of the best special teams players in #Cyclone history! Thanks for being a #Cyclone, @JwillJahlas! #SeniorWeek #CyclONEnationpic.twitter.com/kIgvcw6WEo",
            "timestamp": "2016-11-23 15:10:01",
            "user": "CycloneFB"
        },
        {
            "id": "801432436689223680",
            "like": "185",
            "replies": "1",
            "retweets": "41",
            "text": "80 receptions, 958 yards & 6 TD catches. Thanks for being a #Cyclone, @DreIsu13! #SeniorWeek #CyclONEnationpic.twitter.com/GbmL8GAxDU",
            "timestamp": "2016-11-23 14:29:17",
            "user": "CycloneFB"
        },
        {
            "id": "801091084944183302",
            "like": "112",
            "replies": "0",
            "retweets": "10",
            "text": "What an incredible season for Brian Seda. Lived out his dream! Thanks for being a #Cyclone, Brian! #SeniorWeek #CyclONEnationpic.twitter.com/HPK6i7uS0T",
            "timestamp": "2016-11-22 15:52:52",
            "user": "CycloneFB"
        },
        {
            "id": "801066630948253696",
            "like": "162",
            "replies": "1",
            "retweets": "19",
            "text": "Thanks for being a #Cyclone @Thee9Lives! #SeniorWeekpic.twitter.com/VSQNLY94uI",
            "timestamp": "2016-11-22 14:15:42",
            "user": "CycloneFB"
        },
        {
            "id": "800811747485433856",
            "like": "86",
            "replies": "0",
            "retweets": "4",
            "text": "#SeniorWeek Thanks for being a #Cyclone @the_hitman_91!pic.twitter.com/AcuJ8qABHz",
            "timestamp": "2016-11-21 21:22:53",
            "user": "CycloneFB"
        },
        {
            "id": "800778997067956224",
            "like": "97",
            "replies": "0",
            "retweets": "5",
            "text": "Senior captain @MeyersMitchell will play his final game as a #Cyclone on Saturday. We will miss his leadership. #SeniorWeekpic.twitter.com/AqfpTgQcOD",
            "timestamp": "2016-11-21 19:12:45",
            "user": "CycloneFB"
        },
        {
            "id": "800701836747489281",
            "like": "41",
            "replies": "0",
            "retweets": "12",
            "text": "It's a great day to be a #Cyclone! #IowaStateOfMindpic.twitter.com/BnIWPBRD2C",
            "timestamp": "2016-11-21 14:06:08",
            "user": "CycloneWBB"
        },
        {
            "id": "800515572568125440",
            "like": "216",
            "replies": "3",
            "retweets": "25",
            "text": "Congrats to #Cyclone legends @todd_blythe & @SageRosenfels18 on their IHSAA football hall of fame inductions. @isuletterwinnerpic.twitter.com/8CJ6UKKRU6",
            "timestamp": "2016-11-21 01:46:00",
            "user": "CycloneFB"
        },
        {
            "id": "800399866098810880",
            "like": "41",
            "replies": "4",
            "retweets": "56",
            "text": "abort! abort! abort! #Crosswinds at #Schiphol Airport earlier today during #StormAngus #Cyclone #Angus 4/30 #eustorm http://map.eustorm.com\u00a0pic.twitter.com/JqM1Qx4Nk9",
            "timestamp": "2016-11-20 18:06:13",
            "user": "EUStormMap"
        },
        {
            "id": "800158153769943040",
            "like": "16",
            "replies": "1",
            "retweets": "16",
            "text": "#StormAngus #Cyclone #WindStorm Evolution so far! 21:45 - 01:45 - #Staysafe out there! 30/30 #eustorm http://map.eustorm.com\u00a0 #france #ukpic.twitter.com/CoJshEz7nR",
            "timestamp": "2016-11-20 02:05:44",
            "user": "EUStormMap"
        },
        {
            "id": "800111891574128640",
            "like": "37",
            "replies": "0",
            "retweets": "7",
            "text": "@The_RealSpeedy on His official Visit to Iowa State #Cyclone #B12 Blessings #OurTurnpic.twitter.com/3Y5iQcQ75o",
            "timestamp": "2016-11-19 23:01:54",
            "user": "AHS_BALL"
        },
        {
            "id": "799252416076115968",
            "like": "41",
            "replies": "1",
            "retweets": "6",
            "text": "Pretty easy choice for #TBT. We are honoring #Cyclone legend and HoF coach Johnny Majors this weekend. #CyclONEnationpic.twitter.com/lAqqSIP6sl",
            "timestamp": "2016-11-17 14:06:40",
            "user": "CycloneFB"
        },
        {
            "id": "799165563352121345",
            "like": "1",
            "replies": "0",
            "retweets": "29",
            "text": "#WMPC Kyungri & #\ubaac\uc2a4\ud2f4 Juno choosed as the MC for Duet Song Festival alongside with #CYCLONE Soonyoung from HS Entertainment pic.twitter.com/SD0tD0NDZF",
            "timestamp": "2016-11-17 08:21:32",
            "user": "WMentRP"
        },
        {
            "id": "799071777687158785",
            "like": "27",
            "replies": "2",
            "retweets": "18",
            "text": "How can you tell if a #cyclone is headed your way? Where are the damaging winds? WATCH: understanding tropical cyclone forecast track maps pic.twitter.com/E2PJYEjrqc",
            "timestamp": "2016-11-17 02:08:52",
            "user": "BOM_au"
        },
        {
            "id": "797098627193634816",
            "like": "13",
            "replies": "1",
            "retweets": "44",
            "text": "Let's make it happen people  #cyclonethunder @Mylesvanmaanenpic.twitter.com/FMcshDObnP",
            "timestamp": "2016-11-11 15:28:16",
            "user": "devinvanbeek"
        },
        {
            "id": "796879092129800192",
            "like": "56",
            "replies": "1",
            "retweets": "41",
            "text": "WATCH: How is tropical #cyclone severity categorised? Understand the hazards involved & potential damage a cyclone can cause pic.twitter.com/K4zy7mKMWe",
            "timestamp": "2016-11-11 00:55:55",
            "user": "BOM_au"
        },
        {
            "id": "796469439743070208",
            "like": "156",
            "replies": "2",
            "retweets": "18",
            "text": "Officially a Cyclone! Can't wait for the next four years @CycloneMGOLF #cyclONE pic.twitter.com/BjoveDXYh2",
            "timestamp": "2016-11-09 21:48:06",
            "user": "franklin_dwall"
        },
        {
            "id": "796421458767609856",
            "like": "84",
            "replies": "0",
            "retweets": "14",
            "text": "We welcome @franklin_dwall to the #Cyclone family! The Cedar Rapids native won the 2016 Iowa Section PGA Junior Amateur. #CyclONEnationpic.twitter.com/BlvBtKFfQ5",
            "timestamp": "2016-11-09 18:37:27",
            "user": "CycloneMGOLF"
        },
        {
            "id": "796169382590287872",
            "like": "8",
            "replies": "1",
            "retweets": "11",
            "text": "#Cyclone fact: Tropical cyclones can only form\nwhen the sea surface temperature is over 26.5 \u00b0C. BLOG: http://media.bom.gov.au/social/blog/41/tropical-cyclones-violent-spiralling-wind-and-rain-systems?cid=007tw06\u00a0\u2026pic.twitter.com/X9fPcWC8CY",
            "timestamp": "2016-11-09 01:55:47",
            "user": "BOM_au"
        },
        {
            "id": "794591038346330112",
            "like": "26",
            "replies": "1",
            "retweets": "4",
            "text": "David Montgomery is the sixth #Cyclone freshman to earn a start this season (Good-Jones, Jones, Meeker, Bailey, Johnson). pic.twitter.com/NC1nW6AUxm",
            "timestamp": "2016-11-04 17:24:00",
            "user": "CycloneFB"
        },
        {
            "id": "794580743766818816",
            "like": "9",
            "replies": "1",
            "retweets": "12",
            "text": "Potential #Cyclone in the Bay of Bengal, it's moving north and east, one to watch. JW pic.twitter.com/2YLYApRbX2",
            "timestamp": "2016-11-04 16:43:06",
            "user": "bbcweather"
        },
        {
            "id": "718936620704116737",
            "like": "20",
            "replies": "1",
            "retweets": "11",
            "text": "1968/69 #Cyclone was one of the prettiest #cars #Mercury ever made; Here's a 1969 428 #CobraJetpic.twitter.com/YMAFl5jt8H",
            "timestamp": "2016-04-09 23:00:22",
            "user": "Mercomatic"
        },
        {
            "id": "718778852713992192",
            "like": "25",
            "replies": "4",
            "retweets": "1",
            "text": "On My Way To Iowa State  #Cyclone",
            "timestamp": "2016-04-09 12:33:27",
            "user": "SoulfulSwag"
        },
        {
            "id": "718324324034338816",
            "like": "6",
            "replies": "0",
            "retweets": "13",
            "text": "In 1 month:Strongest #cyclone to hit land,worst #bleaching event.Don't believe in #climatechange?Come to the Pacificpic.twitter.com/IX1JgSSDq1",
            "timestamp": "2016-04-08 06:27:19",
            "user": "akford1906"
        },
        {
            "id": "718073311847182336",
            "like": "7",
            "replies": "1",
            "retweets": "23",
            "text": "System that affected GP/E SA moved into the Indian Ocean & has intensified into mid-latitude #cyclone via Storm_SA pic.twitter.com/0mAjNhvlvX",
            "timestamp": "2016-04-07 13:49:53",
            "user": "tWeatherSA"
        },
        {
            "id": "718000796588187648",
            "like": "5",
            "replies": "0",
            "retweets": "14",
            "text": "Le #cyclone #Zena a circul\u00e9 au Sud des #Fidji d\u00e9j\u00e0 tr\u00e8s impact\u00e9es par les #inondations : http://bit.ly/1SRX8A5\u00a0pic.twitter.com/akOh9xtHKj",
            "timestamp": "2016-04-07 09:01:44",
            "user": "Meteovilles"
        },
        {
            "id": "717619473914667008",
            "like": "4",
            "replies": "0",
            "retweets": "11",
            "text": "Latest forecast for #Cyclone #Zena - expected to pass south of the main island Viti Levu in the next few hours #Fijipic.twitter.com/y8qTgRnONr",
            "timestamp": "2016-04-06 07:46:29",
            "user": "metofficestorms"
        },
        {
            "id": "717531428704006145",
            "like": "20",
            "replies": "3",
            "retweets": "29",
            "text": "#ZENA now severe #cyclone (what we call #hurricane in N Hemi). Center will pass near #Fiji's main island tonight.pic.twitter.com/S0J8THuCm8",
            "timestamp": "2016-04-06 01:56:38",
            "user": "iCyclone"
        },
        {
            "id": "717491435205828608",
            "like": "11",
            "replies": "1",
            "retweets": "15",
            "text": "#Cyclone #ZENA will be at or near #hurricane intensity as it approaches #Fiji late tonight. Prepare now.pic.twitter.com/noTu5OoxT5",
            "timestamp": "2016-04-05 23:17:43",
            "user": "iCyclone"
        },
        {
            "id": "717425371612782592",
            "like": "18",
            "replies": "2",
            "retweets": "14",
            "text": "Surprised to find #Cyclone #ZENA has already formed distinct eye\u2014sign of significant strengthening. Threatens #Fiji.pic.twitter.com/oNdqaEqzO0",
            "timestamp": "2016-04-05 18:55:12",
            "user": "iCyclone"
        },
        {
            "id": "717018496274538496",
            "like": "23",
            "replies": "0",
            "retweets": "1",
            "text": "Former #Cyclone Denae Stuckey played for Iowa State from 2007-10 and started 52 career games. #WhyISUpic.twitter.com/0KElvd49ZK",
            "timestamp": "2016-04-04 15:58:25",
            "user": "CycloneWBB"
        },
        {
            "id": "716933720910012416",
            "like": "7",
            "replies": "1",
            "retweets": "20",
            "text": "Latest satellite imagery for the S. Pacific. Possible #cyclone development near #Fiji in the next 48 hourspic.twitter.com/GmvtjYKqEb",
            "timestamp": "2016-04-04 10:21:33",
            "user": "metofficestorms"
        },
        {
            "id": "716096966006956032",
            "like": "27",
            "replies": "0",
            "retweets": "3",
            "text": "#Cyclone teammates rally for Mitchell Meyers. Ames Trib story http://amestrib.com/sports/football-seeley-organizes-relay-life-team-support-meyers\u00a0\u2026",
            "timestamp": "2016-04-02 02:56:35",
            "user": "CycloneFB"
        },
        {
            "id": "715941066516602880",
            "like": "25",
            "replies": "0",
            "retweets": "2",
            "text": "Future #Cyclone Jalen Martin named to Michigan's Class B 1st-Team All-State in hoops. http://www.battlecreekenquirer.com/story/sports/2016/03/25/associated-press-class-b-all-state-boys-basketball-team/82249930/\u00a0\u2026",
            "timestamp": "2016-04-01 16:37:06",
            "user": "CycloneFB"
        },
        {
            "id": "715740250992029696",
            "like": "63",
            "replies": "0",
            "retweets": "19",
            "text": "NEW TRILLER FT THE MAN MIKE CARTER  #Cyclone pic.twitter.com/kaUuiUro42",
            "timestamp": "2016-04-01 03:19:08",
            "user": "SydCarter6"
        },
        {
            "id": "714713430243033089",
            "like": "56",
            "replies": "7",
            "retweets": "12",
            "text": "\u6628\u65e5\u306e\u96c6\u5408\u5199\u771f\u3060\u3088\uff01\n\u3042\u308a\u304c\u3068\u3046\u3054\u3056\u3044\u307e\u3057\u305f\uff01\n#Cyclone pic.twitter.com/RJxnmIyupL",
            "timestamp": "2016-03-29 07:18:55",
            "user": "wave_yasu"
        },
        {
            "id": "714643068234797056",
            "like": "41",
            "replies": "4",
            "retweets": "2",
            "text": "Making it official, cannot wait to be a #Cyclone this fall! Thanks for all the support that has gotten me this far! pic.twitter.com/alW3XDs2qK",
            "timestamp": "2016-03-29 02:39:19",
            "user": "97_larsen"
        },
        {
            "id": "713759312376635393",
            "like": "21",
            "replies": "1",
            "retweets": "10",
            "text": "It's #OpeningDay in America's Playground, #ConeyIsland! The world-famous #Cyclone is ready for a new season of fun! pic.twitter.com/et5YXTxCkA",
            "timestamp": "2016-03-26 16:07:35",
            "user": "BPEricAdams"
        },
        {
            "id": "713530374945570816",
            "like": "131",
            "replies": "2",
            "retweets": "37",
            "text": "With 713 points on the year, Georges Niang is just the 7th #Cyclone to score 700+ points in a season. pic.twitter.com/0uuPvCTD1l",
            "timestamp": "2016-03-26 00:57:52",
            "user": "CycloneMBB"
        },
        {
            "id": "552547174643675137",
            "like": "52",
            "replies": "1",
            "retweets": "20",
            "text": "Great to have @dhoodjer stay on staff as a GA for the #Cyclone defense. http://www.cyclones.com/ViewArticle.dbml?SPSID=48392&SPID=4653&DB_LANG=C&DB_OEM_ID=10700&ATCLID=209837122&Q_SEASON=2014\u00a0\u2026pic.twitter.com/pG9wkzgL5f",
            "timestamp": "2015-01-06 19:28:06",
            "user": "CycloneFB"
        },
        {
            "id": "552298518657130496",
            "like": "7",
            "replies": "0",
            "retweets": "28",
            "text": "Is your family #cyclone ready? Being prepared can make all the difference. See our checklist at http://www.bom.gov.au/cyclone/about/checklist.shtml\u00a0\u2026",
            "timestamp": "2015-01-06 03:00:02",
            "user": "BOM_Qld"
        },
        {
            "id": "551988973858750464",
            "like": "4",
            "replies": "1",
            "retweets": "19",
            "text": "Did you know that the northwest WA coastline is the most #cyclone prone area in Australia? http://www.bom.gov.au/cyclone/climatology/wa.shtml\u00a0\u2026pic.twitter.com/8OR8cSMw9z",
            "timestamp": "2015-01-05 06:30:01",
            "user": "BOM_WA"
        },
        {
            "id": "551173112104898560",
            "like": "5",
            "replies": "0",
            "retweets": "29",
            "text": "Hear 2 minutes on likely development of #cyclone in northern #WA soon. Could be a severe one. http://bit.ly/1xCfGdl\u00a0pic.twitter.com/jmBsxnUX6j",
            "timestamp": "2015-01-03 00:28:04",
            "user": "ABCemergency"
        },
        {
            "id": "548971620384002048",
            "like": "18",
            "replies": "2",
            "retweets": "18",
            "text": "The little-known story of Australia's deadliest #cyclone. By @jckkrr.\nhttp://www.abc.net.au/news/2014-12-26/cyclone-mahina/5964342\u00a0\u2026pic.twitter.com/1g3YuS7cwe",
            "timestamp": "2014-12-27 22:40:08",
            "user": "ABCemergency"
        },
        {
            "id": "548742619128279040",
            "like": "12",
            "replies": "1",
            "retweets": "17",
            "text": "The little-known story of Australia's deadliest #cyclone. \nBy @jckkrr.\n#Qld #FNQ\nhttp://www.abc.net.au/news/2014-12-26/cyclone-mahina/5964342\u00a0\u2026pic.twitter.com/LcFAxLB8zE",
            "timestamp": "2014-12-27 07:30:10",
            "user": "ABCemergency"
        },
        {
            "id": "547964707303202816",
            "like": "11",
            "replies": "0",
            "retweets": "32",
            "text": "#TCKate approaching #Cocos Islands. \nSet to become a category 2 #cyclone within 24 hours.\nhttp://www.bom.gov.au/products/IDW60281.shtml\u00a0\u2026pic.twitter.com/F8DlRGzBwF",
            "timestamp": "2014-12-25 03:59:01",
            "user": "ABCemergency"
        },
        {
            "id": "547550064336326658",
            "like": "1",
            "replies": "0",
            "retweets": "18",
            "text": "A Christmas Day #cyclone has been forecast for the Cocos Islands.\nhttp://www.bom.gov.au/cyclone/\u00a0pic.twitter.com/rOoDAOwnHt",
            "timestamp": "2014-12-24 00:31:22",
            "user": "ABCemergency"
        },
        {
            "id": "546889119901941760",
            "like": "2",
            "replies": "0",
            "retweets": "11",
            "text": "We're forecasting a near average #cyclone season for Qld. Here's the 2014-15 outlook: http://www.bom.gov.au/climate/ahead/tc.shtml\u00a0\u2026pic.twitter.com/b4BgBXeiGO",
            "timestamp": "2014-12-22 04:45:01",
            "user": "BOM_Qld"
        },
        {
            "id": "546459137522270209",
            "like": "25",
            "replies": "2",
            "retweets": "17",
            "text": "Marquette transfer Deonte Burton is now a #cyclone",
            "timestamp": "2014-12-21 00:16:25",
            "user": "RandyPete"
        },
        {
            "id": "545266029220229120",
            "like": "35",
            "replies": "0",
            "retweets": "12",
            "text": "Welcome to the #Cyclone family, @jamalw17! http://www.cyclones.com/ViewArticle.dbml?DB_OEM_ID=10700&ATCLID=209812689\u00a0\u2026pic.twitter.com/9I1xpfqOMD",
            "timestamp": "2014-12-17 17:15:26",
            "user": "CycloneFB"
        },
        {
            "id": "1052233573267255296",
            "like": "34",
            "replies": "1",
            "retweets": "12",
            "text": "1970 #Mercury #Cyclone GT; 351 cid, 4 bbl, 300 hp, Gross Torque 380 ft lb @ 3400 rpm, 3.00 rear end, Theoretical top speed 130 mph; 0-60 mph in 6.7 secs; Quarter mile in 15.5 secs @ 91 mph; Power to Weight ratio is 0.834 hp/10 lbs http: //www.mercomatic.com/ pic.twitter.com/d5XmWMvaJw",
            "timestamp": "2018-10-16 16:23:28",
            "user": "Mercomatic"
        },
        {
            "id": "1051906962294796288",
            "like": "15",
            "replies": "2",
            "retweets": "11",
            "text": "NEW: @CyclonePromo - In their element! \n\nAfter a brilliant night of action at the famous York Hall, where do the prospects at Cyclone go next?! Fast progress, exciting fights and much more to come...\n\nOur man @ReallyNiceDerek was there! #boxing #Cyclone\nhttp://fighttalk.net/index.php/2018/10/15/cyclone-promotions-in-their-element/\u00a0\u2026pic.twitter.com/KfJ9y8cfSe",
            "timestamp": "2018-10-15 18:45:37",
            "user": "Fight_Talk1"
        },
        {
            "id": "1051819544749232129",
            "like": "21",
            "replies": "0",
            "retweets": "8",
            "text": "\u0924\u093f\u0924\u0932\u0940, \u092b\u0948\u0932\u093f\u0928 \u0914\u0930 \u0939\u0941\u0926\u0939\u0941\u0926 \u0905\u0915\u094d\u0924\u0942\u092c\u0930 \u092e\u0947\u0902 \u0939\u0940 \u0915\u094d\u092f\u094b\u0902?\n\nread - https://goo.gl/zukTMU\u00a0\n\n\u0939\u093e\u0932 \u0939\u0940 \u092e\u0947\u0902 \u0913\u0921\u093f\u0936\u093e \u0924\u0925\u093e #\u0906\u0902\u0927\u094d\u0930_\u092a\u094d\u0930\u0926\u0947\u0936 \u0915\u0947 \u0924\u091f\u0940\u092f \u0915\u094d\u0937\u0947\u0924\u094d\u0930\u094b\u0902 \u0938\u0947 #\u0924\u093f\u0924\u0932\u0940 \u0928\u093e\u092e\u0915 \u0924\u0942\u092b\u093e\u0928 \u0928\u0947 \u0926\u0938\u094d\u0924\u0915 \u0926\u0940\u0964 \u092a\u093f\u091b\u0932\u0947 \u092a\u093e\u0901\u091a \u0938\u093e\u0932\u094b\u0902 \u092e\u0947\u0902 \u0907\u0928\u094d\u0939\u0940\u0902 \u0924\u091f\u0940\u092f \u0915\u094d\u0937\u0947\u0924\u094d\u0930\u094b\u0902 \u0938\u0947 ...\n\n#AndhraPradesh #Odisha #Cyclone #DailyNews #DrishtiIASpic.twitter.com/KZeC6XdiaF",
            "timestamp": "2018-10-15 12:58:15",
            "user": "drishtiias"
        },
        {
            "id": "1051649105468903424",
            "like": "33",
            "replies": "0",
            "retweets": "16",
            "text": "Our Tropical #Cyclone Season Outlook indicates fewer cyclones than average are likely this season, but stay vigilant: Recent years have been quiet in numbers but not intensity. Look back at 2017's #CycloneDebbie and subsequent flooding, which devastated communities in Qld & NSW.pic.twitter.com/MF54F70wBK",
            "timestamp": "2018-10-15 01:41:00",
            "user": "BOM_au"
        },
        {
            "id": "1051492824380792832",
            "like": "109",
            "replies": "8",
            "retweets": "35",
            "text": "It has come to our notice that some people are spreading #rumours about another #cyclone. They are requested not to spread such rumours. It is not a socially acceptable behaviour. It is also a #criminal conduct. We request every one don\u2019t believe such misinformation and rumours.",
            "timestamp": "2018-10-14 15:19:59",
            "user": "SRC_Odisha"
        },
        {
            "id": "1051461808781955073",
            "like": "17",
            "replies": "2",
            "retweets": "17",
            "text": "Hurricane Leslie rams into Portugal with 109mph winds: Lisbon devastated by storm http://shr.gs/QmFXyWh\u00a0 #Leslie. #Spain #Post #Tropical #Cyclone or whatever it's called.",
            "timestamp": "2018-10-14 13:16:45",
            "user": "BobbiStorm"
        },
        {
            "id": "1051401344777633792",
            "like": "66",
            "replies": "0",
            "retweets": "25",
            "text": "\u0c24\u0c3f\u0c24\u0c4d\u0c32\u0c40 \u0c2c\u0c3e\u0c27\u0c3f\u0c24\u0c41\u0c32\u0c28\u0c41 \u0c2a\u0c30\u0c3e\u0c2e\u0c30\u0c4d\u0c36\u0c3f\u0c02\u0c1a\u0c28\u0c41\u0c28\u0c4d\u0c28 \u0c2a\u0c35\u0c28\u0c4d...\n#AndhraPradesh #Srikakulam #Cyclone #CycloneTitli #JanaSenaParty #PawanKalyan\nhttps://www.ntvtelugu.com/post/janasena-party-chief-pawan-kalyan-to-visit-titli-affected-srikakulam\u00a0\u2026pic.twitter.com/DVfLugShz3",
            "timestamp": "2018-10-14 09:16:29",
            "user": "NTVJustIn"
        },
        {
            "id": "1051392480258678784",
            "like": "3",
            "replies": "1",
            "retweets": "25",
            "text": "\u3010\u62e1\u6563\u5e0c\u671b\u3011\n\u30c1\u30b1\u30c3\u30c8\u304a\u8b72\u308a\u3057\u307e\u3059\n\nPhantom Excaliver \u30ef\u30f3\u30de\u30f3\n12/30(\u65e5) \n\u6e0b\u8c37\u30b5\u30a4\u30af\u30ed\u30f3\n\u5165\u5834\u304c\u4e00\u756a\u65e9\u3044\u624b\u58f2\u308a\u30c1\u30b1\u30c3\u30c810\u756a\u4ee5\u5185 2\u679a\n\n1\u679a\u3042\u305f\u308a3000\u5186(\u9001\u6599\u8fbc\u307f)\u3067\u304a\u8b72\u308a\u3057\u307e\u3059\u3002\u307e\u3068\u3081\u8cb7\u3044\u306e\u65b9\u512a\u5148\u3002\n\u304a\u6c17\u8efd\u306b\u30ea\u30d7\u30e9\u30a4\u3001DM\u304f\u3060\u3055\u3044\u3002\n\n#phantomexcaliver\n#\u6e0b\u8c37 #Cyclone #\u30b5\u30a4\u30af\u30ed\u30f3\n#\u62e1\u6563\u5e0c\u671b",
            "timestamp": "2018-10-14 08:41:15",
            "user": "upstream_child"
        },
        {
            "id": "1051308790426025984",
            "like": "227",
            "replies": "5",
            "retweets": "15",
            "text": "Great night to be a #Cyclone! #CyclONEnationpic.twitter.com/TdgNWlrpHa",
            "timestamp": "2018-10-14 03:08:42",
            "user": "BHMetcalf"
        },
        {
            "id": "1051297417977573376",
            "like": "157",
            "replies": "7",
            "retweets": "3",
            "text": "This score makes these black #Cyclone jerseys look exponentially better. #WVUvsISU",
            "timestamp": "2018-10-14 02:23:31",
            "user": "scottsiepker"
        },
        {
            "id": "1051265310693691392",
            "like": "23",
            "replies": "0",
            "retweets": "0",
            "text": "Perfect night under the lights for a #Cyclone victory! #BeatWestVirginia #WinInTheDarkpic.twitter.com/x4wpDi8FUX",
            "timestamp": "2018-10-14 00:15:56",
            "user": "HaleyCook"
        },
        {
            "id": "1051252136242237440",
            "like": "441",
            "replies": "17",
            "retweets": "13",
            "text": "I was waiting to decided on my assessment of the black #Cyclone jerseys until I saw them on the field. So here it is:\n\nI freaking love this look.",
            "timestamp": "2018-10-13 23:23:35",
            "user": "scottsiepker"
        },
        {
            "id": "1051133459371053061",
            "like": "23",
            "replies": "1",
            "retweets": "13",
            "text": "La #FDS2018 est termin\u00e9e mais #DataScienceVSFake continue ! \n + d'\u00e9pisodes : http://bit.ly/serie_DataScienceVSFake\u00a0\u2026 \u2026 \nMerci \u00e0 @Experimentboy pour sa voix et \u00e0 nos partenaires @Escalenta @universcience @ARTEfr @ird_fr @Inserm @FeteScience\n#cyclone #catastrophenaturelle #dereglementclimatiquepic.twitter.com/Os6SNlflkY",
            "timestamp": "2018-10-13 15:32:00",
            "user": "francetveduc"
        },
        {
            "id": "1051102370623643648",
            "like": "24",
            "replies": "0",
            "retweets": "3",
            "text": "Oman Observer is the only English media in Oman to report directly and also live from Dhofar on the latest weather conditions... #Oman #OmanObserver #Luban #ArabianSea #luban #\u0644\u0628\u0627\u0646 #\u0638\u0641\u0627\u0631 #Cyclone #Stormpic.twitter.com/ROFzt9HEZu",
            "timestamp": "2018-10-13 13:28:28",
            "user": "OmanObserver"
        },
        {
            "id": "1051094608342601728",
            "like": "20",
            "replies": "0",
            "retweets": "33",
            "text": "L'#ouragan #Leslie aux portes de l'#Europe et du #Portugal cet apr\u00e8s-midi. Pas d\u2019\u0153il visible, un d\u00e9but de transition post-tropicale, mais pas de perte de vigueur (\u00e9quivalent d'un #cyclone de cat\u00e9gorie 1). Animation satellite via @meteocielpic.twitter.com/ArYJCV2Esj",
            "timestamp": "2018-10-13 12:57:37",
            "user": "Meteovilles"
        },
        {
            "id": "1051068497365626881",
            "like": "21",
            "replies": "0",
            "retweets": "4",
            "text": "Pawan Kalyan to Visit Cyclone Affected Areas in Srikakulam \n@JanaSenaparty @PawanKalyan #Srikakulam #Cyclone pic.twitter.com/aTyIQOERg5",
            "timestamp": "2018-10-13 11:13:52",
            "user": "munna_pawanism"
        },
        {
            "id": "1050864098722889729",
            "like": "14",
            "replies": "1",
            "retweets": "11",
            "text": "ALERT: Tropical #Cyclone #Luban  heads toward #Yemen & #Oman bringing strong  & heavy . Our disaster experts in the #MiddleEast & DC are monitoring.pic.twitter.com/FQ8CzIE693",
            "timestamp": "2018-10-12 21:41:39",
            "user": "theOFDA"
        },
        {
            "id": "1050731047212724225",
            "like": "57",
            "replies": "9",
            "retweets": "42",
            "text": "Battered by #Cyclone, rebuked by CM !!! CM #ChandrababuNaidu was in tight spot while villagers stopped his convoy and complained about miseries after #TitliCyclone. A visibly upset Naidu assured them till the time they get relief he will not leave #Srikakulam. #AndhraPradeshpic.twitter.com/sNxrTYsKAL",
            "timestamp": "2018-10-12 12:52:57",
            "user": "Ashi_IndiaToday"
        },
        {
            "id": "1050722643471556615",
            "like": "14",
            "replies": "0",
            "retweets": "11",
            "text": "#Trains Diverted Due to #Cyclone Storm \u201cTITLI\u201d @RailMinIndiapic.twitter.com/aGcJJoWZnf",
            "timestamp": "2018-10-12 12:19:34",
            "user": "SCRailwayIndia"
        },
        {
            "id": "1050709582350352384",
            "like": "35",
            "replies": "1",
            "retweets": "21",
            "text": "In anticipation of the upcoming #cyclone  season in #Bangladesh , @WHO & partners have pre-positioned essential medicines & emergency health supplies in  warehouses at #Rohingya settlements in Cox\u2019s Bazar.\n\nFind out more:\nhttps://bit.ly/2yxUJHf\u00a0pic.twitter.com/SVbGVHG6sP",
            "timestamp": "2018-10-12 11:27:40",
            "user": "WHOSEARO"
        },
        {
            "id": "1050677206387580928",
            "like": "23",
            "replies": "0",
            "retweets": "22",
            "text": "#RSS members are working in #Orissa On #Cyclone #Titli affected area.\n\n#RSS proved again and again it is a #social #organisation the organization serve and help every time.\n\n#KamalShaktiSamvad #PappuMutra #FakeNewsKingRahul #BJPpic.twitter.com/eoEJTfowFK",
            "timestamp": "2018-10-12 09:19:01",
            "user": "tarunkumar006"
        },
        {
            "id": "1050651242349780992",
            "like": "36",
            "replies": "1",
            "retweets": "10",
            "text": "\u0bb5\u0b9f\u0b95\u0bbf\u0bb4\u0b95\u0bcd\u0b95\u0bc1\u0baa\u0bcd \u0baa\u0bb0\u0bc1\u0bb5\u0bae\u0bb4\u0bc8 \u0b85\u0b95\u0bcd\u0b9f\u0bcb\u0baa\u0bb0\u0bcd 15-\u0bae\u0bcd \u0ba4\u0bc7\u0ba4\u0bbf\u0b95\u0bcd\u0b95\u0bc1\u0baa\u0bcd \u0baa\u0bbf\u0bb1\u0b95\u0bc1 \u0ba4\u0bca\u0b9f\u0b99\u0bcd\u0b95\u0bc1\u0bae\u0bcd - \u0bb5\u0bbe\u0ba9\u0bbf\u0bb2\u0bc8 \u0b86\u0baf\u0bcd\u0bb5\u0bc1 \u0bae\u0bc8\u0baf\u0bae\u0bcd \u0b85\u0bb1\u0bbf\u0bb5\u0bbf\u0baa\u0bcd\u0baa\u0bc1\n\n\u0b85\u0bb0\u0baa\u0bbf\u0b95\u0bcd\u0b95\u0b9f\u0bb2\u0bcd \u0bae\u0bb1\u0bcd\u0bb1\u0bc1\u0bae\u0bcd \u0bb5\u0b99\u0bcd\u0b95\u0b95\u0bcd\u0b95\u0b9f\u0bb2\u0bcd \u0baa\u0b95\u0bc1\u0ba4\u0bbf\u0baf\u0bbf\u0bb2\u0bcd \u0b95\u0bbe\u0bb1\u0bcd\u0bb1\u0bbf\u0ba9\u0bcd \u0ba4\u0bbf\u0b9a\u0bc8 \u0bae\u0bbe\u0bb1\u0bbf\u0baf \u0baa\u0bbf\u0bb1\u0b95\u0bc1 \u0ba4\u0bae\u0bbf\u0bb4\u0b95\u0ba4\u0bcd\u0ba4\u0bbf\u0bb2\u0bcd \u0bb5\u0b9f\u0b95\u0bbf\u0bb4\u0b95\u0bcd\u0b95\u0bc1\u0baa\u0bcd \u0baa\u0bb0\u0bc1\u0bb5 \u0bae\u0bb4\u0bc8 \u0ba4\u0bca\u0b9f\u0b99\u0bcd\u0b95\u0bc1\u0bae\u0bcd \u0b8e\u0ba9 \u0bb5\u0bbe\u0ba9\u0bbf\u0bb2\u0bc8 \u0b86\u0baf\u0bcd\u0bb5\u0bc1 \u0bae\u0bc8\u0baf\u0bae\u0bcd \u0ba4\u0bc6\u0bb0\u0bbf\u0bb5\u0bbf\u0ba4\u0bcd\u0ba4\u0bc1\u0bb3\u0bcd\u0bb3\u0ba4\u0bc1.\n\n#Rain #Cyclone #RainAlertpic.twitter.com/eP2M4TRx8h",
            "timestamp": "2018-10-12 07:35:50",
            "user": "Kalaignarnews"
        },
        {
            "id": "1050621369728155648",
            "like": "21",
            "replies": "1",
            "retweets": "2",
            "text": "\u0bae\u0ba4\u0bcd\u0ba4\u0bbf\u0baf \u0bae\u0bc7\u0bb1\u0bcd\u0b95\u0bc1 \u0b85\u0bb0\u0baa\u0bbf\u0b95\u0bcd \u0b95\u0b9f\u0bb2\u0bc1\u0b95\u0bcd\u0b95\u0bc1 \u0b85\u0b9f\u0bc1\u0ba4\u0bcd\u0ba4 5\u0ba8\u0bbe\u0b9f\u0bcd\u0b95\u0bb3\u0bc1\u0b95\u0bcd\u0b95\u0bc1 \u0bae\u0bc0\u0ba9\u0bb5\u0bb0\u0bcd\u0b95\u0bb3\u0bcd \u0b9a\u0bc6\u0bb2\u0bcd\u0bb2\u0bb5\u0bc7\u0ba3\u0bcd\u0b9f\u0bbe\u0bae\u0bcd\n\n\u0bae\u0ba4\u0bcd\u0ba4\u0bbf\u0baf \u0bae\u0bc7\u0bb1\u0bcd\u0b95\u0bc1 \u0bae\u0bb1\u0bcd\u0bb1\u0bc1\u0bae\u0bcd \u0bb5\u0b9f\u0b95\u0bcd\u0b95\u0bc1 \u0bb5\u0b99\u0bcd\u0b95\u0b95\u0bcd\u0b95\u0b9f\u0bb2\u0bcd \u0baa\u0b95\u0bc1\u0ba4\u0bbf\u0b95\u0bb3\u0bc1\u0b95\u0bcd\u0b95\u0bc1 2 \u0ba8\u0bbe\u0b9f\u0bcd\u0b95\u0bb3\u0bc1\u0b95\u0bcd\u0b95\u0bc1 \u0bae\u0bc0\u0ba9\u0bb5\u0bb0\u0bcd\u0b95\u0bb3\u0bcd \u0b9a\u0bc6\u0bb2\u0bcd\u0bb2\u0bb5\u0bc7\u0ba3\u0bcd\u0b9f\u0bbe\u0bae\u0bcd\n\n\u0bb2\u0bc2\u0baa\u0ba9\u0bcd \u0baa\u0bc1\u0baf\u0bb2\u0bcd \u0bb5\u0bb0\u0bc1\u0bae\u0bcd 14\u0b86\u0bae\u0bcd \u0ba4\u0bc7\u0ba4\u0bbf \u0b8f\u0bae\u0ba9\u0bcd-\u0b93\u0bae\u0ba9\u0bcd \u0b87\u0b9f\u0bc8\u0baf\u0bc7 \u0b95\u0bb0\u0bc8\u0baf\u0bc8 \u0b95\u0b9f\u0b95\u0bcd\u0b95\u0bc1\u0bae\u0bcd\n\n- \u0b87\u0ba8\u0bcd\u0ba4\u0bbf\u0baf \u0bb5\u0bbe\u0ba9\u0bbf\u0bb2\u0bc8 \u0b86\u0baf\u0bcd\u0bb5\u0bc1 \u0bae\u0bc8\u0baf\u0bae\u0bcd #Fishermen #Cyclone #IMD",
            "timestamp": "2018-10-12 05:37:08",
            "user": "PTTVOnlineNews"
        },
        {
            "id": "1050603500256747525",
            "like": "30",
            "replies": "0",
            "retweets": "9",
            "text": "\u0c36\u0c4d\u0c30\u0c40\u0c15\u0c3e\u0c15\u0c41\u0c33\u0c02 \u0c1c\u0c3f\u0c32\u0c4d\u0c32\u0c3e\u0c32\u0c4b\u0c28\u0c3f \u0c1a\u0c3e\u0c32\u0c3e \u0c2e\u0c02\u0c21\u0c32\u0c3e\u0c32\u0c4d\u0c32\u0c4b 30 \u0c38\u0c46\u0c02.\u0c2e\u0c40 \u0c2a\u0c48\u0c17\u0c3e \u0c15\u0c41\u0c30\u0c3f\u0c38\u0c3f\u0c28 \u0c2d\u0c3e\u0c30\u0c40 \u0c35\u0c30\u0c4d\u0c37\u0c3e\u0c32\u0c15\u0c41, \u0c08\u0c26\u0c41\u0c30\u0c41 \u0c17\u0c3e\u0c32\u0c41\u0c32\u0c15\u0c41 \u0c1c\u0c28\u0c1c\u0c40\u0c35\u0c28\u0c02 \u0c05\u0c38\u0c4d\u0c24\u0c35\u0c4d\u0c2f\u0c38\u0c4d\u0c24\u0c2e\u0c48\u0c02\u0c26\u0c3f.\n#Cyclone #CycloneTitli #Titlihttps://bbc.in/2PsOOKJ\u00a0",
            "timestamp": "2018-10-12 04:26:08",
            "user": "bbcnewstelugu"
        },
        {
            "id": "1050576541669879808",
            "like": "24",
            "replies": "0",
            "retweets": "3",
            "text": "Prime Minister #NarendraModi speaks to #Andhra CM @ncbn and Odisha CM @Naveen_Odisha regarding the situation arising due to #cyclone related conditions in parts of both states",
            "timestamp": "2018-10-12 02:39:00",
            "user": "airnewsalerts"
        },
        {
            "id": "1050425386620858368",
            "like": "37",
            "replies": "0",
            "retweets": "15",
            "text": "\u015eu an d\u00fcnyay\u0131 etkileyen 6 tropik f\u0131rt\u0131nan\u0131n 3D animasyon g\u00f6r\u00fcnt\u00fcleri.\n\n#hurricanemichael #hurricane #weather #panamacity #florida #cyclone #cyclonicstormlubnan #CyclonicStormTitlipic.twitter.com/TUDbbEg2xG",
            "timestamp": "2018-10-11 16:38:22",
            "user": "forumatmosfer"
        },
        {
            "id": "885546244013268994",
            "like": "57",
            "replies": "4",
            "retweets": "4",
            "text": "Dustin Avey ('97-'00) is the latest #Cyclone to be inducted into the IHSAA Football HoF. He recorded 247 tackles in his ISU career. #TBTpic.twitter.com/FGGGuPoT6P",
            "timestamp": "2017-07-13 17:07:31",
            "user": "CycloneFB"
        },
        {
            "id": "882820822016159744",
            "like": "8",
            "replies": "0",
            "retweets": "11",
            "text": "#EU provides \u20ac 1.5 million in #humanitarian aid to victims of #cyclone #TCMora in #Bangladesh and #Myanmar #Rakhine http://bit.ly/2ss8rqU\u00a0pic.twitter.com/L8mpNxRXQr",
            "timestamp": "2017-07-06 04:37:40",
            "user": "ECHO_Asia"
        },
        {
            "id": "882737543921500160",
            "like": "26",
            "replies": "2",
            "retweets": "15",
            "text": "Gintama es una obra maestra, HAY QUE VER GINTAMA. #losgintamas #gintama #neoarmstrong #cyclone #jet #armstrong",
            "timestamp": "2017-07-05 23:06:45",
            "user": "aburrido354"
        },
        {
            "id": "881820837116039168",
            "like": "17",
            "replies": "0",
            "retweets": "17",
            "text": "#Cyclone 1000\n\nhttp://desert-cooler.com/port-cool-made-usa-portable-coolers/\u00a0\u2026pic.twitter.com/YPKQi8e1Se",
            "timestamp": "2017-07-03 10:24:05",
            "user": "CoolerDesert"
        },
        {
            "id": "881799234886017028",
            "like": "38",
            "replies": "0",
            "retweets": "44",
            "text": "Check out the new, improved Global Guide to Tropical #Cyclone Forecasting https://www.wmo.int/cycloneguide/\u00a0pic.twitter.com/pMPJwsuauN",
            "timestamp": "2017-07-03 08:58:15",
            "user": "WMO"
        },
        {
            "id": "881565717165998082",
            "like": "21",
            "replies": "0",
            "retweets": "1",
            "text": "The Fizer-led #Cyclone squad includes Korie Lucious, Diante Garrett, Bubu Palo, Kourtlin Jackson and Chris Commons. http://dmreg.co/2sexQEn\u00a0",
            "timestamp": "2017-07-02 17:30:20",
            "user": "DMRCyclones"
        },
        {
            "id": "880827675652354049",
            "like": "288",
            "replies": "1",
            "retweets": "71",
            "text": "The future of #Cyclone Football are added to the roster. #CyclONEnation http://www.cyclones.com/roster.aspx?path=football\u00a0\u2026pic.twitter.com/jV7VSankij",
            "timestamp": "2017-06-30 16:37:37",
            "user": "CycloneFB"
        },
        {
            "id": "968671050102984704",
            "like": "202",
            "replies": "0",
            "retweets": "14",
            "text": "23 houses. Let that sink in. 23. And he played at the highest level of college basketball. Thank you @Pursuing_Dreams for your work, your effort, your passion, and for being a #Cyclone ! https://twitter.com/ChrisMWilliams/status/968669161512755201\u00a0\u2026",
            "timestamp": "2018-02-28 02:15:50",
            "user": "barryb4384"
        },
        {
            "id": "967903872793677824",
            "like": "45",
            "replies": "0",
            "retweets": "12",
            "text": "Season High Score of 196.450 \nIndividual Career High Performances \nGreat Day to be a #Cyclone \nhttp://bit.ly/2CjwAsa\u00a0",
            "timestamp": "2018-02-25 23:27:20",
            "user": "CycloneGYM"
        },
        {
            "id": "967054004768464896",
            "like": "74",
            "replies": "4",
            "retweets": "15",
            "text": "Watch | Want to know who came out on top in the @UtilitaFootball Cyclone Challenge?  @robsnodgrass7, @alanhutton84 & co took part at the @AVFCOfficial training ground. Have a look at the highlights and see if you can spot any rivalries #cyclone #rivals #AVFC #partofthepridepic.twitter.com/Tl2GnkB2A9",
            "timestamp": "2018-02-23 15:10:16",
            "user": "UtilitaFootball"
        },
        {
            "id": "966373063897042953",
            "like": "69",
            "replies": "0",
            "retweets": "29",
            "text": "#Tonga cleans up after devastating #Cyclone #Gita @AJEnglishhttp://aje.io/2hk49\u00a0",
            "timestamp": "2018-02-21 18:04:27",
            "user": "ShowkatShafi"
        },
        {
            "id": "966349249184137216",
            "like": "63",
            "replies": "0",
            "retweets": "35",
            "text": "#Fiji follows up on its presidency of #COP23 and marks the anniversary of the destructive #Cyclone Winston with a new national disaster risk reduction policy based on the #SendaiFramework #switch2sendai @FijiGov_RMDNDM http://bit.ly/2HA5xYW\u00a0pic.twitter.com/oYoF56YCD7",
            "timestamp": "2018-02-21 16:29:49",
            "user": "unisdr"
        },
        {
            "id": "966068008782323712",
            "like": "104",
            "replies": "5",
            "retweets": "10",
            "text": "Today is February 20th, which means it is #LoveYourPetDay! \n\nHere are a few of our favorite #cyclone pets. \n\n pic.twitter.com/D4UFp2pBQu",
            "timestamp": "2018-02-20 21:52:16",
            "user": "CycloneATH"
        },
        {
            "id": "965871211237531648",
            "like": "29",
            "replies": "1",
            "retweets": "27",
            "text": "#Monsoon and #cyclone season approaching: risk analysis estimates that more than 100,000 people live in high-danger #flood areas, and along steep, unstable hillsides in #Bangladesh #Rohingya camps home to 900,000 people #SendaiFramework #DRR https://www.irinnews.org/maps-and-graphics/2018/02/05/mapped-how-monsoon-rains-could-submerge-rohingya-refugee-camps\u00a0\u2026 (@irinnews)pic.twitter.com/vAfAKud8bf",
            "timestamp": "2018-02-20 08:50:16",
            "user": "unisdr"
        },
        {
            "id": "965867202355216384",
            "like": "21",
            "replies": "3",
            "retweets": "0",
            "text": "Haven't penetrated a #cyclone since that junk typhoon in Japan in October. Four months.  Filling my emptiness with cyclone-shaped desserts. I'll be OK. (*Hand included for size reference.) #ChaserdudeTherapy #Cat5pic.twitter.com/6rUjXZori4",
            "timestamp": "2018-02-20 08:34:20",
            "user": "iCyclone"
        },
        {
            "id": "965832829064982528",
            "like": "45",
            "replies": "2",
            "retweets": "18",
            "text": "It's the 2-year anniversary of mighty #Cyclone #WINSTON, one of the strongest ever observed below the equator. It made a direct hit on #Fiji at peak intensity (equivalent to Cat-5 #hurricane), with devastating results.pic.twitter.com/rtF0PK4uxv",
            "timestamp": "2018-02-20 06:17:45",
            "user": "iCyclone"
        },
        {
            "id": "965590023797174272",
            "like": "48",
            "replies": "2",
            "retweets": "4",
            "text": "Off to Tongan for our father 1yr unveiling but more importantly to heap out our families, as some have lost everything in the cyclone!! #prayfortongan #cyclone #help #muchlovepic.twitter.com/boDeOHcgS3 \u2013 at Heathrow Airport",
            "timestamp": "2018-02-19 14:12:56",
            "user": "FaingaaTwins"
        },
        {
            "id": "965464040163045376",
            "like": "40",
            "replies": "6",
            "retweets": "4",
            "text": "Whoa, #Cyclone #GITA went from beauty queen to toothless hag real fast. (Don't do drugs, kids.) GITA will still bring rough weather to #NewZealand, but yeah, that thing's fugly.pic.twitter.com/vdV9V5Sg5o",
            "timestamp": "2018-02-19 05:52:19",
            "user": "iCyclone"
        },
        {
            "id": "965206906884116481",
            "like": "18",
            "replies": "0",
            "retweets": "12",
            "text": "ECHO expert deployed to #Tonga to participate in #humanitarian needs assessments after #cyclone #Gira #TCGitapic.twitter.com/28fqfU3RWo",
            "timestamp": "2018-02-18 12:50:33",
            "user": "ECHO_Asia"
        },
        {
            "id": "965176941530755072",
            "like": "9",
            "replies": "0",
            "retweets": "12",
            "text": "Une animation satellite du #cyclone #Kelvin en #Australie.\nLe NHC l'a \u00e9lev\u00e9 au rang de cyclone seulement apr\u00e8s que celui-ci ait atteint la c\u00f4te australienne. La structure interne est affect\u00e9e mais relativement lentement pour un d\u00e9placement sur terre.\nSource : Himawari.pic.twitter.com/RSjqfsJpUR",
            "timestamp": "2018-02-18 10:51:29",
            "user": "MeteoContact"
        },
        {
            "id": "965125399041654784",
            "like": "154",
            "replies": "11",
            "retweets": "30",
            "text": "Sorry, I can\u2019t stop obsessing over this. Look how far inland it is, with basically the perfect core structure of a mature hurricane. Lol. #Cyclone #KELVINpic.twitter.com/1iR7IJkf9q",
            "timestamp": "2018-02-18 07:26:40",
            "user": "iCyclone"
        },
        {
            "id": "965069094671196161",
            "like": "90",
            "replies": "11",
            "retweets": "20",
            "text": "More #Cyclone #KELVIN porn. Eye is more distinct that ever, more than 3 hr after landfall. That's some weird sh*t right there.pic.twitter.com/gwNxjsLAtc",
            "timestamp": "2018-02-18 03:42:56",
            "user": "iCyclone"
        },
        {
            "id": "965065131456524288",
            "like": "27",
            "replies": "5",
            "retweets": "4",
            "text": "#Cyclone #KELVIN exploded into sexy li'l thing just before landfall in Western #Australia\u2014came close to #hurricane intensity. (BoM has 60 kt (10min), which actually is hurricane when you convert to 1min.) Radar still shows tight, symmetric core, despite being well inland. Hawt.pic.twitter.com/BlkUEzBKZ5",
            "timestamp": "2018-02-18 03:27:12",
            "user": "iCyclone"
        },
        {
            "id": "964811425888706560",
            "like": "26",
            "replies": "1",
            "retweets": "9",
            "text": "Final chapter of #Cyclone #GITA Chronicles will be collision with #NewZealand. System will weaken but will still bring very stormy conditions to wide swath of country Tue/Wed.pic.twitter.com/t0nSWG3a3F",
            "timestamp": "2018-02-17 10:39:03",
            "user": "iCyclone"
        },
        {
            "id": "964790486606204934",
            "like": "27",
            "replies": "0",
            "retweets": "20",
            "text": "Tropical #Cyclone #Kelvin has formed off the coast of Western #Australia. It dropped 370mm (14.6\") rain on the town of #Broome yesterday. This town has already recorded almost 1400mm (55\") rain so far in 2018.pic.twitter.com/XuQtRvaini",
            "timestamp": "2018-02-17 09:15:51",
            "user": "metofficestorms"
        },
        {
            "id": "964688792639721473",
            "like": "33",
            "replies": "2",
            "retweets": "23",
            "text": "#Cyclone threat downgraded for northern WA but record rain swamps #Broome http://ab.co/2o5mz9m\u00a0 #CycloneKelvinpic.twitter.com/YjgdYrj2qm",
            "timestamp": "2018-02-17 02:31:45",
            "user": "abcperth"
        },
        {
            "id": "964679737493807104",
            "like": "26",
            "replies": "2",
            "retweets": "4",
            "text": "Wow, #Cyclone #GITA sure fell apart fast. Looks like total crap. Lol. Still gonna create problems for New Zealand.pic.twitter.com/2u7iw24wqq",
            "timestamp": "2018-02-17 01:55:46",
            "user": "iCyclone"
        }
    ]
}