{
    "#earthquake": [
        {
            "id": "136588613575118848",
            "like": "7",
            "replies": "1",
            "retweets": "27",
            "text": "\u3010\u6c17\u8c61\u5e81\u60c5\u5831\u301116\u65e508\u664231\u5206\u9803 \u9759\u5ca1\u770c\u6771\u90e8(N35.3/E138.7)\u306b\u3066\u6700\u5927\u9707\u5ea61(M1.9)\u306e\u5730\u9707\u304c\u767a\u751f\u3002\u9707\u6e90\u306e\u6df1\u3055\u306f20km\u3002( http://j.mp/urquh8\u00a0 ) #saigai #eqjp #earthquake #jishin",
            "timestamp": "2011-11-15 23:37:17",
            "user": "earthquake_jp"
        },
        {
            "id": "53582037440929792",
            "like": "1",
            "replies": "0",
            "retweets": "11",
            "text": "\u3010\u6c17\u8c61\u5e81\u901f\u5831\u301101\u65e507\u664217\u5206\u9803 \u6700\u5927\u9707\u5ea63\u306e\u5730\u9707\u304c\u767a\u751f\u3002( http://j.mp/hfutZj ) \u9707\u5ea63\uff1a\u5bae\u57ce\u770c\u5317\u90e8\u4ed6 #saigai #eqjp #earthquake #jishin",
            "timestamp": "2011-03-31 22:18:47",
            "user": "earthquake_jp"
        },
        {
            "id": "53577356371169280",
            "like": "5",
            "replies": "0",
            "retweets": "28",
            "text": "Getting the US prepared for an #earthquake - we highlight two upcoming drills to get involved: http://go.usa.gov/2f5",
            "timestamp": "2011-03-31 22:00:11",
            "user": "fema"
        },
        {
            "id": "53553265786372096",
            "like": "12",
            "replies": "0",
            "retweets": "27",
            "text": "[AUDIO] Learn how the Japan #earthquake affected #groundwater in the US - http://go.usa.gov/2G2 Go figure!",
            "timestamp": "2011-03-31 20:24:28",
            "user": "USGS"
        },
        {
            "id": "53551600177922048",
            "like": "0",
            "replies": "0",
            "retweets": "14",
            "text": "#terremoto M 5.2, off the east coast of Honshu, Japan http://1.usa.gov/fqCo2a #earthquake",
            "timestamp": "2011-03-31 20:17:51",
            "user": "reporterremoto"
        },
        {
            "id": "53507383481221120",
            "like": "0",
            "replies": "0",
            "retweets": "11",
            "text": "\u25a0\u25a0\u7dca\u6025\u5730\u9707\u901f\u5831\u25a0\u25a0 \u798f\u5cf6\u770c\u6c96\u3067\u5730\u9707\u3000\u6700\u5927\u9707\u5ea6 \uff13 [\u8a73\u7d30] 2011/4/1 2:21:36\u767a\u751f\u3000M4.9 \u6df1\u305530km \u7b2c3\u5831\u3000\u3000\u6771\u4eac\u5230\u9054\u6642\u523b\uff1a2:22:28 (\u3042\u3068\u7d0452\u79d2) #jishin #earthquake #eqjp",
            "timestamp": "2011-03-31 17:22:08",
            "user": "zishin3255"
        },
        {
            "id": "53507317701951488",
            "like": "1",
            "replies": "0",
            "retweets": "14",
            "text": "\u25a0\u25a0\u7dca\u6025\u5730\u9707\u901f\u5831\u25a0\u25a0 \u8328\u57ce\u770c\u6c96\u3067\u5730\u9707\u3000\u6700\u5927\u9707\u5ea6 \uff13 [\u8a73\u7d30] 2011/4/1 2:21:22\u767a\u751f\u3000M6.1 \u6df1\u305510km \u7b2c1\u5831\u3000\u3000\u6771\u4eac\u5230\u9054\u6642\u523b\uff1a2:22:26 (\u3042\u3068\u7d0464\u79d2) #jishin #earthquake #eqjp",
            "timestamp": "2011-03-31 17:21:53",
            "user": "zishin3255"
        },
        {
            "id": "53507315239878656",
            "like": "0",
            "replies": "0",
            "retweets": "13",
            "text": "\u5730\u9707\u901f\u5831 2011/04/01 02:21\u9803\u3001\u8328\u57ce\u770c\u6c96\u306e\u6df1\u305510km\u3067\u30de\u30b0\u30cb\u30c1\u30e5\u30fc\u30c96.1\u306e\u5730\u9707\u304c\u767a\u751f\u3057\u307e\u3057\u305f\u3002\u4e88\u60f3\u3055\u308c\u308b\u6700\u5927\u9707\u5ea6\u306f\u9707\u5ea63\u3067\u3059\u3002 http://twiple.jp/e/5I3oZeMM #jishin #earthquake",
            "timestamp": "2011-03-31 17:21:52",
            "user": "eew_jp"
        },
        {
            "id": "21098032360",
            "like": "3",
            "replies": "0",
            "retweets": "28",
            "text": "[\u6c17\u8c61\u5e81\u60c5\u5831] 14\u65e506\u664220\u5206\u9803 \u30de\u30ea\u30a2\u30ca\u8af8\u5cf6\u5357\u65b9(N12.5/E141.7)\u306b\u3066M7.2\u306e\u5730\u9707\u304c\u767a\u751f\u3002( http://j.mp/9J1g5O ) #saigai #eqjp #earthquake",
            "timestamp": "2010-08-13 21:47:47",
            "user": "earthquake_jp"
        },
        {
            "id": "21008481159",
            "like": "2",
            "replies": "0",
            "retweets": "13",
            "text": "[\u901f\u5831LV2] 13\u65e506\u664252\u5206\u9803 \u8328\u57ce\u770c\u7a32\u6577\u90e1\u7f8e\u6d66\u6751\u8208\u6d25\u8fd1\u8fba(N36/E140.3)\u306b\u3066M\u306e\u5730\u9707\u304c\u767a\u751f\u3002( http://j.mp/dyCOM5 ) #saigai #eqjp #earthquake",
            "timestamp": "2010-08-12 21:52:51",
            "user": "earthquake_jp"
        },
        {
            "id": "635924493362331648",
            "like": "28",
            "replies": "1",
            "retweets": "35",
            "text": "\uff3b\u6c17\u8c61\u5e81\u60c5\u5831\uff3d25\u65e5\u300006\u664214\u5206\u9803\u3000\u5bae\u57ce\u770c\u6c96\uff08N38.5/E141.7\uff09\u306b\u3066\u3000\u6700\u5927\u9707\u5ea61\uff08M3.7\uff09\u306e\u5730\u9707\u304c\u767a\u751f\u3002\u3000\u9707\u6e90\u306e\u6df1\u3055\u306f60km\u3002( http://j.mp/1fC4eJL\u00a0 ) #saigai #jishin #earthquake",
            "timestamp": "2015-08-24 21:19:48",
            "user": "earthquake_jp"
        },
        {
            "id": "635924239049097216",
            "like": "23",
            "replies": "0",
            "retweets": "16",
            "text": "\uff3b\u901f\u5831LV5\uff3d25\u65e5\u300006\u664214\u5206\u9803\u3000\u5bae\u57ce\u770c\u6c96\uff08N38.5/E141.7\uff09(\u63a8\u5b9a)\u306b\u3066\u3000M3.6\uff08\u63a8\u5b9a\uff09\u306e\u5730\u9707\u304c\u767a\u751f\u3002\u3000\u9707\u6e90\u306e\u6df1\u3055\u306f\u63a8\u5b9a69km\u3002( http://j.mp/1fC48Ss\u00a0 ) #saigai #jishin #earthquake",
            "timestamp": "2015-08-24 21:18:48",
            "user": "earthquake_jp"
        },
        {
            "id": "635923357712543745",
            "like": "25",
            "replies": "0",
            "retweets": "27",
            "text": "\uff3b\u901f\u5831LV1\uff3d25\u65e5\u300006\u664214\u5206\u9803\u3000\u5bae\u57ce\u770c\u6c96\uff08N38.5/E141.8\uff09(\u63a8\u5b9a)\u306b\u3066\u3000M4\uff08\u63a8\u5b9a\uff09\u306e\u5730\u9707\u304c\u767a\u751f\u3002\u3000\u9707\u6e90\u306e\u6df1\u3055\u306f\u63a8\u5b9a53.3km\u3002( http://j.mp/1U2YSKz\u00a0 ) #saigai #jishin #earthquake",
            "timestamp": "2015-08-24 21:15:18",
            "user": "earthquake_jp"
        },
        {
            "id": "802626520950841344",
            "like": "4",
            "replies": "1",
            "retweets": "14",
            "text": "#SISMO  M 4.8, San Juan Province, Argentina http://dlvr.it/MlYCg0\u00a0 #earthquake #quake #jishinpic.twitter.com/pR7WvZfwBs",
            "timestamp": "2016-11-26 21:34:09",
            "user": "wikisismos"
        },
        {
            "id": "802625602201079809",
            "like": "33",
            "replies": "2",
            "retweets": "13",
            "text": "\uff3b\u6c17\u8c61\u5e81\u60c5\u5831\uff3d27\u65e5\u300006\u664226\u5206\u9803\u3000\u798f\u5cf6\u770c\u6c96\uff08N37.3/E141.6\uff09\u306b\u3066\u3000\u6700\u5927\u9707\u5ea61\uff08M3.6\uff09\u306e\u5730\u9707\u304c\u767a\u751f\u3002\u3000\u9707\u6e90\u306e\u6df1\u3055\u306f30km\u3002( http://j.mp/2gxHSv6\u00a0 ) #saigai #jishin #earthquake",
            "timestamp": "2016-11-26 21:30:30",
            "user": "earthquake_jp"
        },
        {
            "id": "802580969043607552",
            "like": "11",
            "replies": "1",
            "retweets": "11",
            "text": "#Yellowstone #Earthquake at #OldFaithful, Clinton Pushes for Recount, Protest Updates - #UWN http://youtu.be/iUu3seeVlaQ?a\u00a0",
            "timestamp": "2016-11-26 18:33:08",
            "user": "dahboo7"
        },
        {
            "id": "552963848274063360",
            "like": "16",
            "replies": "0",
            "retweets": "36",
            "text": "\uff3b\u6c17\u8c61\u5e81\u60c5\u5831\uff3d08\u65e5\u300007\u664258\u5206\u9803\u3000\u8328\u57ce\u770c\u6c96\uff08N35.9/E141.3\uff09\u306b\u3066\u3000\u6700\u5927\u9707\u5ea62\uff08M4.1\uff09\u306e\u5730\u9707\u304c\u767a\u751f\u3002\u3000\u9707\u6e90\u306e\u6df1\u3055\u306f10km\u3002( http://j.mp/1yCeppz\u00a0 ) #saigai #jishin #earthquake",
            "timestamp": "2015-01-07 23:03:49",
            "user": "earthquake_jp"
        },
        {
            "id": "552956547257475072",
            "like": "17",
            "replies": "1",
            "retweets": "39",
            "text": "\uff3b\u6c17\u8c61\u5e81\u60c5\u5831\uff3d08\u65e5\u300007\u664229\u5206\u9803\u3000\u5343\u8449\u770c\u5357\u6771\u6c96\uff08N35.1/E140.2\uff09\u306b\u3066\u3000\u6700\u5927\u9707\u5ea62\uff08M3.5\uff09\u306e\u5730\u9707\u304c\u767a\u751f\u3002\u3000\u9707\u6e90\u306e\u6df1\u3055\u306f10km\u3002( http://j.mp/1BJlJgJ\u00a0 ) #saigai #jishin #earthquake",
            "timestamp": "2015-01-07 22:34:48",
            "user": "earthquake_jp"
        },
        {
            "id": "552938519014830080",
            "like": "2",
            "replies": "1",
            "retweets": "17",
            "text": "QUAKES:  15 seismographs placed near Irving #earthquake site today by @smu.  7 more, later this week.  Will help pinpoint epicenter.",
            "timestamp": "2015-01-07 21:23:10",
            "user": "DavidSchechter"
        },
        {
            "id": "552926852679880705",
            "like": "19",
            "replies": "0",
            "retweets": "50",
            "text": "\uff3b\u6c17\u8c61\u5e81\u60c5\u5831\uff3d08\u65e5\u300005\u664231\u5206\u9803\u3000\u4eac\u90fd\u5e9c\u5357\u90e8\uff08N35.2/E135.8\uff09\u306b\u3066\u3000\u6700\u5927\u9707\u5ea61\uff08M2.8\uff09\u306e\u5730\u9707\u304c\u767a\u751f\u3002\u3000\u9707\u6e90\u306e\u6df1\u3055\u306f10km\u3002( http://j.mp/1yBLmCx\u00a0 ) #saigai #jishin #earthquake",
            "timestamp": "2015-01-07 20:36:49",
            "user": "earthquake_jp"
        },
        {
            "id": "552918904298041345",
            "like": "0",
            "replies": "0",
            "retweets": "139",
            "text": "Rebuilding #Haiti after the 2010 #earthquake https://www.youtube.com/watch?v=bBnc7vOLlGk\u00a0\u2026 #worldbank",
            "timestamp": "2015-01-07 20:05:14",
            "user": "VincentJelani"
        },
        {
            "id": "552916405729771520",
            "like": "8",
            "replies": "0",
            "retweets": "19",
            "text": "4.0 magnitude #earthquake. 5 km from Guthrie, #OK, United States http://earthquaketrack.com/quakes/2015-01-07-19-41-37-utc-4-0-5\u00a0\u2026",
            "timestamp": "2015-01-07 19:55:18",
            "user": "QuakesToday"
        },
        {
            "id": "552913505532145665",
            "like": "11",
            "replies": "1",
            "retweets": "12",
            "text": "Yep Oklahoma still shakes.  #earthquake",
            "timestamp": "2015-01-07 19:43:47",
            "user": "TheBradSowder"
        },
        {
            "id": "552879998777184256",
            "like": "9",
            "replies": "1",
            "retweets": "26",
            "text": "RT @WorldBank: Meet the Haitian doctor who took care of #earthquake victims and then opened her clinic http://ow.ly/GWjxv\u00a0 #Haiti5years",
            "timestamp": "2015-01-07 17:30:38",
            "user": "UN_Women"
        },
        {
            "id": "552878605827850241",
            "like": "5",
            "replies": "3",
            "retweets": "12",
            "text": "Damn @MoTitty @queennefertitty   yall causing mass destruction over there. #earthquake  #TeamEdit #TEAMSOURhttps://vine.co/v/OpzUJLpJ7gt\u00a0",
            "timestamp": "2015-01-07 17:25:06",
            "user": "queennefertitty"
        },
        {
            "id": "386253158541828096",
            "like": "0",
            "replies": "0",
            "retweets": "22",
            "text": "\uff3b\u6c17\u8c61\u5e81\u60c5\u5831\uff3d05\u65e5\u300007\u664208\u5206\u9803\u3000\u8328\u57ce\u770c\u6c96\uff08N36.6/E140.9\uff09\u306b\u3066\u3000\u6700\u5927\u9707\u5ea61\uff08M3.7\uff09\u306e\u5730\u9707\u304c\u767a\u751f\u3002\u3000\u9707\u6e90\u306e\u6df1\u3055\u306f80km\u3002( http://j.mp/1hqSggv\u00a0 ) #saigai #jishin #earthquake",
            "timestamp": "2013-10-04 22:15:03",
            "user": "earthquake_jp"
        },
        {
            "id": "386251959583244288",
            "like": "1",
            "replies": "0",
            "retweets": "11",
            "text": "\uff3b\u901f\u5831LV1\uff3d05\u65e5\u300007\u664208\u5206\u9803\u3000\u8328\u57ce\u770c\u6c96\uff08N36.6/E141\uff09(\u63a8\u5b9a)\u306b\u3066\u3000M4.2\uff08\u63a8\u5b9a\uff09\u306e\u5730\u9707\u304c\u767a\u751f\u3002\u3000\u9707\u6e90\u306e\u6df1\u3055\u306f\u63a8\u5b9a88.2km\u3002( http://j.mp/1f6rm0u\u00a0 ) #saigai #jishin #earthquake",
            "timestamp": "2013-10-04 22:10:18",
            "user": "earthquake_jp"
        },
        {
            "id": "386214151095209984",
            "like": "4",
            "replies": "1",
            "retweets": "15",
            "text": "\uff3b\u6c17\u8c61\u5e81\u60c5\u5831\uff3d05\u65e5\u300004\u664234\u5206\u9803\u3000\u8328\u57ce\u770c\u6c96\uff08N36.4/E141.1\uff09\u306b\u3066\u3000\u6700\u5927\u9707\u5ea61\uff08M4\uff09\u306e\u5730\u9707\u304c\u767a\u751f\u3002\u3000\u9707\u6e90\u306e\u6df1\u3055\u306f40km\u3002( http://j.mp/1hqAEkE\u00a0 ) #saigai #jishin #earthquake",
            "timestamp": "2013-10-04 19:40:03",
            "user": "earthquake_jp"
        },
        {
            "id": "386212952090488833",
            "like": "1",
            "replies": "0",
            "retweets": "15",
            "text": "\uff3b\u901f\u5831LV1\uff3d05\u65e5\u300004\u664234\u5206\u9803\u3000\u8328\u57ce\u770c\u6c96\uff08N36.4/E141.1\uff09(\u63a8\u5b9a)\u306b\u3066\u3000M4.4\uff08\u63a8\u5b9a\uff09\u306e\u5730\u9707\u304c\u767a\u751f\u3002\u3000\u9707\u6e90\u306e\u6df1\u3055\u306f\u63a8\u5b9a35.9km\u3002( http://j.mp/1f67Np2\u00a0 ) #saigai #jishin #earthquake",
            "timestamp": "2013-10-04 19:35:17",
            "user": "earthquake_jp"
        },
        {
            "id": "386196282991071232",
            "like": "7",
            "replies": "3",
            "retweets": "25",
            "text": "\uff3b\u6c17\u8c61\u5e81\u60c5\u5831\uff3d05\u65e5\u300003\u664223\u5206\u9803\u3000\u8328\u57ce\u770c\u6c96\uff08N36.6/E141.1\uff09\u306b\u3066\u3000\u6700\u5927\u9707\u5ea62\uff08M4\uff09\u306e\u5730\u9707\u304c\u767a\u751f\u3002\u3000\u9707\u6e90\u306e\u6df1\u3055\u306f40km\u3002( http://j.mp/1hqs1GI\u00a0 ) #saigai #jishin #earthquake",
            "timestamp": "2013-10-04 18:29:03",
            "user": "earthquake_jp"
        },
        {
            "id": "386195273820561408",
            "like": "6",
            "replies": "0",
            "retweets": "14",
            "text": "\uff3b\u901f\u5831LV1\uff3d05\u65e5\u300003\u664223\u5206\u9803\u3000\u8328\u57ce\u770c\u6c96\uff08N36.6/E141.1\uff09(\u63a8\u5b9a)\u306b\u3066\u3000M4.2\uff08\u63a8\u5b9a\uff09\u306e\u5730\u9707\u304c\u767a\u751f\u3002\u3000\u9707\u6e90\u306e\u6df1\u3055\u306f\u63a8\u5b9a36.7km\u3002( http://j.mp/1hqrAMD\u00a0 ) #saigai #jishin #earthquake",
            "timestamp": "2013-10-04 18:25:03",
            "user": "earthquake_jp"
        },
        {
            "id": "386137539116949505",
            "like": "2",
            "replies": "0",
            "retweets": "11",
            "text": "Quake deprives at least 10,000 children from schooling in #Awaran http://dawn.com/news/1047430\u00a0 #Pakistan #Balochistan #Earthquake",
            "timestamp": "2013-10-04 14:35:38",
            "user": "dawn_com"
        },
        {
            "id": "469628728406847488",
            "like": "34",
            "replies": "1",
            "retweets": "100",
            "text": "\uff3b\u6c17\u8c61\u5e81\u60c5\u5831\uff3d23\u65e5\u300008\u664254\u5206\u9803\u3000\u5c71\u68a8\u770c\u6771\u90e8\u30fb\u5bcc\u58eb\u4e94\u6e56\uff08N35.5/E139\uff09\u306b\u3066\u3000\u6700\u5927\u9707\u5ea62\uff08M3\uff09\u306e\u5730\u9707\u304c\u767a\u751f\u3002\u3000\u9707\u6e90\u306e\u6df1\u3055\u306f20km\u3002( http://j.mp/1go2vHO\u00a0 ) #saigai #jishin #earthquake",
            "timestamp": "2014-05-22 23:59:48",
            "user": "earthquake_jp"
        },
        {
            "id": "469539076308082688",
            "like": "17",
            "replies": "1",
            "retweets": "40",
            "text": "\uff3b\u6c17\u8c61\u5e81\u60c5\u5831\uff3d23\u65e5\u300002\u664259\u5206\u9803\u3000\u9752\u68ee\u770c\u6771\u65b9\u6c96\uff08N40.8/E142.4\uff09\u306b\u3066\u3000\u6700\u5927\u9707\u5ea62\uff08M4\uff09\u306e\u5730\u9707\u304c\u767a\u751f\u3002\u3000\u9707\u6e90\u306e\u6df1\u3055\u306f40km\u3002( http://j.mp/1gnrevI\u00a0 ) #saigai #jishin #earthquake",
            "timestamp": "2014-05-22 18:03:34",
            "user": "earthquake_jp"
        },
        {
            "id": "469538819151106048",
            "like": "6",
            "replies": "0",
            "retweets": "22",
            "text": "\uff3b\u901f\u5831LV4\uff3d23\u65e5\u300002\u664258\u5206\u9803\u3000\u9752\u68ee\u770c\u6771\u65b9\u6c96\uff08N40.8/E142.5\uff09(\u63a8\u5b9a)\u306b\u3066\u3000M3.6\uff08\u63a8\u5b9a\uff09\u306e\u5730\u9707\u304c\u767a\u751f\u3002\u3000\u9707\u6e90\u306e\u6df1\u3055\u306f\u63a8\u5b9a50km\u3002( http://j.mp/1gnr5Z6\u00a0 ) #saigai #jishin #earthquake",
            "timestamp": "2014-05-22 18:02:32",
            "user": "earthquake_jp"
        },
        {
            "id": "469538191750344704",
            "like": "13",
            "replies": "0",
            "retweets": "27",
            "text": "\uff3b\u901f\u5831LV1\uff3d23\u65e5\u300002\u664258\u5206\u9803\u3000\u9752\u68ee\u770c\u6771\u65b9\u6c96\uff08N40.8/E142.5\uff09(\u63a8\u5b9a)\u306b\u3066\u3000M4\uff08\u63a8\u5b9a\uff09\u306e\u5730\u9707\u304c\u767a\u751f\u3002\u3000\u9707\u6e90\u306e\u6df1\u3055\u306f\u63a8\u5b9a17.8km\u3002( http://j.mp/1gnqPcN\u00a0 ) #saigai #jishin #earthquake",
            "timestamp": "2014-05-22 18:00:03",
            "user": "earthquake_jp"
        },
        {
            "id": "469533538937626624",
            "like": "23",
            "replies": "1",
            "retweets": "36",
            "text": "\uff3b\u6c17\u8c61\u5e81\u60c5\u5831\uff3d23\u65e5\u300002\u664236\u5206\u9803\u3000\u798f\u5cf6\u770c\u4f1a\u6d25\uff08N37/E139.4\uff09\u306b\u3066\u3000\u6700\u5927\u9707\u5ea61\uff08M1.7\uff09\u306e\u5730\u9707\u304c\u767a\u751f\u3002\u3000\u9707\u6e90\u306e\u6df1\u3055\u306f10km\u3002( http://j.mp/1gnoGOa\u00a0 ) #saigai #jishin #earthquake",
            "timestamp": "2014-05-22 17:41:33",
            "user": "earthquake_jp"
        },
        {
            "id": "469517179453325312",
            "like": "15",
            "replies": "0",
            "retweets": "41",
            "text": "\uff3b\u6c17\u8c61\u5e81\u60c5\u5831\uff3d23\u65e5\u300001\u664231\u5206\u9803\u3000\u798f\u5cf6\u770c\u6c96\uff08N37/E141.2\uff09\u306b\u3066\u3000\u6700\u5927\u9707\u5ea62\uff08M3.9\uff09\u306e\u5730\u9707\u304c\u767a\u751f\u3002\u3000\u9707\u6e90\u306e\u6df1\u3055\u306f40km\u3002( http://j.mp/1tpaV4b\u00a0 ) #saigai #jishin #earthquake",
            "timestamp": "2014-05-22 16:36:33",
            "user": "earthquake_jp"
        },
        {
            "id": "469517051191492609",
            "like": "12",
            "replies": "0",
            "retweets": "28",
            "text": "\uff3b\u901f\u5831LV4\uff3d23\u65e5\u300001\u664231\u5206\u9803\u3000\u798f\u5cf6\u770c\u6c96\uff08N37/E141.2\uff09(\u63a8\u5b9a)\u306b\u3066\u3000M3.8\uff08\u63a8\u5b9a\uff09\u306e\u5730\u9707\u304c\u767a\u751f\u3002\u3000\u9707\u6e90\u306e\u6df1\u3055\u306f\u63a8\u5b9a47km\u3002( http://j.mp/1gnhAsW\u00a0 ) #saigai #jishin #earthquake",
            "timestamp": "2014-05-22 16:36:02",
            "user": "earthquake_jp"
        },
        {
            "id": "469516198355292160",
            "like": "12",
            "replies": "0",
            "retweets": "14",
            "text": "\u25a0\u25a0\u7dca\u6025\u5730\u9707\u901f\u5831(\u6700\u7d42\u5831)\u25a0\u25a0 \u798f\u5cf6\u770c\u6c96\u3067\u5730\u9707\u3000\u6700\u5927\u9707\u5ea6 2(\u63a8\u5b9a) [\u8a73\u7d30] 2014/05/23 01:31:38\u767a\u751f\u3000M3.5 \u6df1\u305540km #earthquake",
            "timestamp": "2014-05-22 16:32:39",
            "user": "zishin3255"
        },
        {
            "id": "469516169192284161",
            "like": "12",
            "replies": "0",
            "retweets": "58",
            "text": "\uff3b\u901f\u5831LV1\uff3d23\u65e5\u300001\u664231\u5206\u9803\u3000\u798f\u5cf6\u770c\u6c96\uff08N37/E141.2\uff09(\u63a8\u5b9a)\u306b\u3066\u3000M4.4\uff08\u63a8\u5b9a\uff09\u306e\u5730\u9707\u304c\u767a\u751f\u3002\u3000\u9707\u6e90\u306e\u6df1\u3055\u306f\u63a8\u5b9a41.5km\u3002( http://j.mp/1gnh12r\u00a0 ) #saigai #jishin #earthquake",
            "timestamp": "2014-05-22 16:32:32",
            "user": "earthquake_jp"
        },
        {
            "id": "469499816905433089",
            "like": "18",
            "replies": "0",
            "retweets": "28",
            "text": "\uff3b\u6c17\u8c61\u5e81\u60c5\u5831\uff3d23\u65e5\u300000\u664223\u5206\u9803\u3000\u5ca9\u624b\u770c\u6c96\uff08N39.5/E142.5\uff09\u306b\u3066\u3000\u6700\u5927\u9707\u5ea61\uff08M4\uff09\u306e\u5730\u9707\u304c\u767a\u751f\u3002\u3000\u9707\u6e90\u306e\u6df1\u3055\u306f40km\u3002( http://j.mp/1gn9QY2\u00a0 ) #saigai #jishin #earthquake",
            "timestamp": "2014-05-22 15:27:33",
            "user": "earthquake_jp"
        },
        {
            "id": "469499373986906113",
            "like": "10",
            "replies": "2",
            "retweets": "35",
            "text": "\uff3b\u901f\u5831LV4\uff3d23\u65e5\u300000\u664222\u5206\u9803\u3000\u5ca9\u624b\u770c\u6771\u65b9\u6c96\uff08N39.5/E142.6\uff09(\u63a8\u5b9a)\u306b\u3066\u3000M3.8\uff08\u63a8\u5b9a\uff09\u306e\u5730\u9707\u304c\u767a\u751f\u3002\u3000\u9707\u6e90\u306e\u6df1\u3055\u306f\u63a8\u5b9a41km\u3002( http://j.mp/1toTUXJ\u00a0 ) #saigai #jishin #earthquake",
            "timestamp": "2014-05-22 15:25:48",
            "user": "earthquake_jp"
        },
        {
            "id": "469498870011949056",
            "like": "25",
            "replies": "0",
            "retweets": "43",
            "text": "\uff3b\u901f\u5831LV1\uff3d23\u65e5\u300000\u664222\u5206\u9803\u3000\u5ca9\u624b\u770c\u6771\u65b9\u6c96\uff08N39.5/E142.6\uff09(\u63a8\u5b9a)\u306b\u3066\u3000M4\uff08\u63a8\u5b9a\uff09\u306e\u5730\u9707\u304c\u767a\u751f\u3002\u3000\u9707\u6e90\u306e\u6df1\u3055\u306f\u63a8\u5b9a19.7km\u3002( http://j.mp/1gn9rVy\u00a0 ) #saigai #jishin #earthquake",
            "timestamp": "2014-05-22 15:23:48",
            "user": "earthquake_jp"
        },
        {
            "id": "968997872950681600",
            "like": "28",
            "replies": "1",
            "retweets": "5",
            "text": "Seems that nature is trying to tell us something..\n#Tari#SHP#PNG\n#earthquake pic.twitter.com/nvHGeRDzaR",
            "timestamp": "2018-02-28 23:54:30",
            "user": "MathiasMarcus3"
        },
        {
            "id": "968984602063892481",
            "like": "161",
            "replies": "7",
            "retweets": "82",
            "text": "We extend our deepest condolences to #PapuaNewGuinea for the loss of life and damage caused by the 7.5 magnitude #earthquake in the Highlands. (Photo: AP) pic.twitter.com/iIIee0cSdx",
            "timestamp": "2018-02-28 23:01:46",
            "user": "USAsiaPacific"
        },
        {
            "id": "968982329015222272",
            "like": "141",
            "replies": "51",
            "retweets": "80",
            "text": "ON THIS DAY in 2001: A magnitude 6.8 #earthquake struck Western Washington, causing nearly $2 billion in damage. Where were you when it happened? http://kng5.tv/Nisqually2001\u00a0 #Nisqually #Feb28pic.twitter.com/Zn758yyrLR",
            "timestamp": "2018-02-28 22:52:44",
            "user": "KING5Seattle"
        },
        {
            "id": "968944913227292672",
            "like": "55",
            "replies": "0",
            "retweets": "27",
            "text": "\uff3b\u6c17\u8c61\u5e81\u60c5\u5831\uff3d01\u65e5\u300005\u664216\u5206\u9803\u3000\u548c\u6b4c\u5c71\u770c\u5317\u90e8\uff08N34.2/E135.2\uff09\u306b\u3066\u3000\u6700\u5927\u9707\u5ea61\uff08M2.6\uff09\u306e\u5730\u9707\u304c\u767a\u751f\u3002\u3000\u9707\u6e90\u306e\u6df1\u3055\u306f10km\u672a\u6e80\u3002( http://j.mp/2F0ji1r\u00a0 ) #saigai #jishin #earthquake",
            "timestamp": "2018-02-28 20:24:04",
            "user": "earthquake_jp"
        },
        {
            "id": "968942360863404033",
            "like": "22",
            "replies": "2",
            "retweets": "28",
            "text": "This girl is 7 years old from Sarpul_Zahab city.\nShe says, crying:\nWe have frozen in a tent\nWe are a 7-person family\nMy father is a street vendor\nAfter 3 months, the government is not helping people in #earthquake areas\n#Humanrightspic.twitter.com/OHtmvn1DGO",
            "timestamp": "2018-02-28 20:13:55",
            "user": "mahsti25metana1"
        },
        {
            "id": "968938863954681858",
            "like": "59",
            "replies": "0",
            "retweets": "33",
            "text": "Read about our 21-day expedition offshore of #Alaska, looking for #earthquake hazards along the Queen Charlotte-Fairweather fault, a fast-moving relative of the #SanAndreas https://soundwaves.usgs.gov/2018/01/\u00a0pic.twitter.com/uU6nb89WMt",
            "timestamp": "2018-02-28 20:00:01",
            "user": "USGS"
        },
        {
            "id": "968936669108817920",
            "like": "72",
            "replies": "0",
            "retweets": "48",
            "text": "\uff3b\u6c17\u8c61\u5e81\u60c5\u5831\uff3d01\u65e5\u300004\u664247\u5206\u9803\u3000\u548c\u6b4c\u5c71\u770c\u5317\u90e8\uff08N34.2/E135.2\uff09\u306b\u3066\u3000\u6700\u5927\u9707\u5ea62\uff08M3.1\uff09\u306e\u5730\u9707\u304c\u767a\u751f\u3002\u3000\u9707\u6e90\u306e\u6df1\u3055\u306f10km\u672a\u6e80\u3002( http://j.mp/2FbPVwA\u00a0 ) #saigai #jishin #earthquake",
            "timestamp": "2018-02-28 19:51:18",
            "user": "earthquake_jp"
        },
        {
            "id": "719250107783258113",
            "like": "57",
            "replies": "0",
            "retweets": "71",
            "text": "\uff3b\u6c17\u8c61\u5e81\u60c5\u5831\uff3d11\u65e5\u300004\u664241\u5206\u9803\u3000\u5175\u5eab\u770c\u5357\u6771\u90e8\uff08N35/E135\uff09\u306b\u3066\u3000\u6700\u5927\u9707\u5ea61\uff08M2.3\uff09\u306e\u5730\u9707\u304c\u767a\u751f\u3002\u3000\u9707\u6e90\u306e\u6df1\u3055\u306f10km\u3002( http://j.mp/1qhhvx5\u00a0 ) #saigai #jishin #earthquake",
            "timestamp": "2016-04-10 19:46:03",
            "user": "earthquake_jp"
        },
        {
            "id": "719246583116742656",
            "like": "23",
            "replies": "0",
            "retweets": "13",
            "text": "#Earthquake hitting 7.1 on the Richter strikes #Pakistan, #Afghanistan and #India..  http://dailym.ai/1UT4PJN\u00a0pic.twitter.com/qxjF5gRBOn",
            "timestamp": "2016-04-10 19:32:03",
            "user": "Irenie_M"
        },
        {
            "id": "719243752510996480",
            "like": "20",
            "replies": "0",
            "retweets": "11",
            "text": "Oh man lol#GroupWorkDoesntWork #PacBradley #PacquiaoBradley #earthquake #PiliPinasDebate2016 #Trump #Bernie #Hillarypic.twitter.com/z5WN1KzDyU",
            "timestamp": "2016-04-10 19:20:48",
            "user": "GrpWorkDontWork"
        },
        {
            "id": "1052347972631977985",
            "like": "83",
            "replies": "0",
            "retweets": "135",
            "text": "\u3010\u6c17\u8c61\u5e81\u901f\u5831\u301117\u65e5\u300008\u664255\u5206\u9803\u3000\u5948\u826f\u770c\u306b\u3066\u3000\u6700\u5927\u9707\u5ea63\u306e\u5730\u9707\u304c\u767a\u751f\u3002( http://j.mp/2pWhJM8\u00a0 ) #saigai #jishin #earthquake",
            "timestamp": "2018-10-16 23:58:03",
            "user": "earthquake_jp"
        },
        {
            "id": "1052347528337743872",
            "like": "109",
            "replies": "1",
            "retweets": "168",
            "text": "\uff3b\u901f\u5831LV3\uff3d17\u65e5\u300008\u664255\u5206\u9803\u3000\u5948\u826f\u770c\u5b87\u9640\u90e1\u66fd\u723e\u6751\uff08N34.5/E136.2\uff09(\u63a8\u5b9a)\u306b\u3066\u3000M3.7\uff08\u63a8\u5b9a\uff09\u306e\u5730\u9707\u304c\u767a\u751f\u3002\u3000\u9707\u6e90\u306e\u6df1\u3055\u306f\u63a8\u5b9a19km\u3002#saigai #jishin #earthquake",
            "timestamp": "2018-10-16 23:56:17",
            "user": "earthquake_jp"
        },
        {
            "id": "1052344384404873217",
            "like": "43",
            "replies": "1",
            "retweets": "21",
            "text": "\uff3b\u6c17\u8c61\u5e81\u60c5\u5831\uff3d17\u65e5\u300008\u664239\u5206\u9803\u3000\u5343\u8449\u770c\u6771\u65b9\u6c96\uff08N35.2/E140.5\uff09\u306b\u3066\u3000\u6700\u5927\u9707\u5ea61\uff08M3.3\uff09\u306e\u5730\u9707\u304c\u767a\u751f\u3002\u3000\u9707\u6e90\u306e\u6df1\u3055\u306f60km\u3002( http://j.mp/2pUKYyP\u00a0 ) #saigai #jishin #earthquake",
            "timestamp": "2018-10-16 23:43:47",
            "user": "earthquake_jp"
        },
        {
            "id": "1052279719675211777",
            "like": "49",
            "replies": "1",
            "retweets": "19",
            "text": "son endonezya depreminden\n\n#indonesia #earthquake pic.twitter.com/XVudho5vJN",
            "timestamp": "2018-10-16 19:26:50",
            "user": "adnantuna1"
        },
        {
            "id": "1052232271942434817",
            "like": "159",
            "replies": "4",
            "retweets": "148",
            "text": "\uff3b\u6c17\u8c61\u5e81\u60c5\u5831\uff3d17\u65e5\u300001\u664213\u5206\u9803\u3000\u4eac\u90fd\u5e9c\u5357\u90e8\uff08N34.9/E135.7\uff09\u306b\u3066\u3000\u6700\u5927\u9707\u5ea61\uff08M2.5\uff09\u306e\u5730\u9707\u304c\u767a\u751f\u3002\u3000\u9707\u6e90\u306e\u6df1\u3055\u306f10km\u3002( http://j.mp/2pYo6hT\u00a0 ) #saigai #jishin #earthquake",
            "timestamp": "2018-10-16 16:18:17",
            "user": "earthquake_jp"
        },
        {
            "id": "1052228193288159232",
            "like": "14",
            "replies": "6",
            "retweets": "18",
            "text": "#Earthquake (#gempa) possibly felt 2 min ago in #Provinsi Bali #Indonesia. Felt it? See https://www.emsc-csem.org\u00a0pic.twitter.com/zPd1hKdKDZ",
            "timestamp": "2018-10-16 16:02:05",
            "user": "LastQuake"
        },
        {
            "id": "1052202597858328576",
            "like": "11",
            "replies": "0",
            "retweets": "13",
            "text": "World #Earthquake Report past 24h: 37 quakes M3+,  16 quakes M4+,  22 quakes M5+,  2 quakes M6+\nhttp://j.mp/2QR7jZC\u00a0",
            "timestamp": "2018-10-16 14:20:22",
            "user": "volcanodiscover"
        },
        {
            "id": "1052201641066123264",
            "like": "23",
            "replies": "0",
            "retweets": "0",
            "text": "\u3082\u3046\u63fa\u308c\u3068\u308b\u308f\n \u3010\u5730\u9707\u60c5\u5831\u3011 2018\u5e7410\u670816\u65e5 22\u664233\u5206\n\n#\u5341\u52dd\u6c96 \u3067M2.9\u306e\u5730\u9707\u3002  \u9707\u6e90 42.4N 143.6E  \u6df1\u3055 82.3km  \u895f\u88f3\u5cac\u304b\u3089 59.8km #\u5730\u9707 #\u5730\u6bbb\u5909\u52d5 #earthquake pic.twitter.com/8BctiJ8t7F",
            "timestamp": "2018-10-16 14:16:34",
            "user": "g77genesis"
        },
        {
            "id": "1052200119137984512",
            "like": "8",
            "replies": "0",
            "retweets": "13",
            "text": "M6.3 and M6.4 earthquakes hit off New Caledonia within 40 minutes \u2013 17 M5.8 and M4.6 quakes follow in very shallow earthquake swarm #earthquake #NewCaledonia #geology http://strangesounds.org/2018/10/m6-3-and-m6-4-earthquakes-hit-off-new-caledonia-within-40-minutes-17-m5-8-and-m4-6-quakes-follow-in-very-shallow-earthquake-swarm.html\u00a0\u2026 via @Strange_Soundspic.twitter.com/eyn0rdEPWV",
            "timestamp": "2018-10-16 14:10:31",
            "user": "Strange_Sounds"
        },
        {
            "id": "1052198442515103745",
            "like": "16",
            "replies": "1",
            "retweets": "11",
            "text": "\u3010\u5730\u9707\u60c5\u5831\u3011 2018\u5e7410\u670816\u65e5 22\u664226\u5206\n\n#\u5927\u962a\u5e9c\u5317\u90e8 \u3067M2.8\u306e\u5730\u9707\u3002  \u9707\u6e90 34.9N 135.6E  \u6df1\u3055 11.5km  \u9ad8\u69fb\u5e02\u304b\u3089 3.9km #\u5730\u9707 #\u5730\u6bbb\u5909\u52d5 #earthquake pic.twitter.com/gyDFrPh5CO",
            "timestamp": "2018-10-16 14:03:52",
            "user": "jisin_kun"
        }
    ]
}