{
    "#floodrelief": [
        {
            "id": "252804826310782976",
            "like": "1",
            "replies": "2",
            "retweets": "38",
            "text": "#SoniaG received Rs 1880 Crore 4 foreign tour & Central Govt offered 500 Crores 4 #FloodRelief in #Assam where 29 Lac people affected.",
            "timestamp": "2012-10-01 16:19:02",
            "user": "SouleFacts"
        },
        {
            "id": "120906570103136257",
            "like": "0",
            "replies": "5",
            "retweets": "13",
            "text": "wow, Shahid Afridi's portrait sold for Rs 5 million. Lala love :-) #FloodRelief",
            "timestamp": "2011-10-03 17:02:27",
            "user": "Mehmal"
        },
        {
            "id": "30439246342914048",
            "like": "1",
            "replies": "0",
            "retweets": "12",
            "text": "Can people please tell me why we give so much money to help other countries & don't find that much for our own #floodrelief just asking????",
            "timestamp": "2011-01-27 01:37:36",
            "user": "RealBigDell"
        },
        {
            "id": "28744310195228672",
            "like": "3",
            "replies": "0",
            "retweets": "19",
            "text": "#AustraliaDay #FloodRelief fundraiser @ Philhellene rest' 03 93703303 4 bookings. victorianrestaurantsunite.com.au http://twitpic.com/3sablp",
            "timestamp": "2011-01-22 09:22:32",
            "user": "DanniiMinogue"
        },
        {
            "id": "27842550337376256",
            "like": "3",
            "replies": "0",
            "retweets": "11",
            "text": "Don't forget to download your copy of FLOODLIGHT (our family album for #Floodrelief) from iTunes- all proceeds go to help those in need.",
            "timestamp": "2011-01-19 21:39:15",
            "user": "MahaliaBarnes"
        },
        {
            "id": "27643578683498496",
            "like": "0",
            "replies": "0",
            "retweets": "15",
            "text": "OK Floodlight is on iTunes NOW! 16 tracks. Some unreleased! asking price? $4.99 ALL proceeds go to #floodrelief\nCheers\nDC",
            "timestamp": "2011-01-19 08:28:37",
            "user": "DavidCampbell73"
        },
        {
            "id": "469434742317019137",
            "like": "3",
            "replies": "0",
            "retweets": "14",
            "text": "Please help, donate and share! #floodrelief #flood #floodserbia #floodcroatia #FloodBosniapic.twitter.com/GpdleRHrHU",
            "timestamp": "2014-05-22 11:08:58",
            "user": "1zverko"
        },
        {
            "id": "468719628655792128",
            "like": "80",
            "replies": "18",
            "retweets": "101",
            "text": "We need all the help we can get #floodrelief #Serbia http://novakdjokovicfoundation.org/news/news/2014.738.html\u00a0\u2026",
            "timestamp": "2014-05-20 11:47:22",
            "user": "jelenadjokovic"
        },
        {
            "id": "468491220487270400",
            "like": "45",
            "replies": "4",
            "retweets": "67",
            "text": "Wow. RT @Noleksa: Serbian media confirm that Novak Djokovi\u0107 has donated $500.000, all of his earnings from Rome Masters, for #floodrelief",
            "timestamp": "2014-05-19 20:39:45",
            "user": "BenRothenberg"
        },
        {
            "id": "468488774817939456",
            "like": "28",
            "replies": "8",
            "retweets": "48",
            "text": "Serbian media confirm that Novak Djokovi\u0107 has donated $500.000, all of his earnings from Rome Masters, for #floodrelief",
            "timestamp": "2014-05-19 20:30:02",
            "user": "Noleksa"
        },
        {
            "id": "444221867478757376",
            "like": "2",
            "replies": "1",
            "retweets": "11",
            "text": "The fund for #floodrelief is now approaching 1m This is a Fantastic show of support for all @dredgetherivers @Somerset_CF Please Rt&support",
            "timestamp": "2014-03-13 21:22:01",
            "user": "mummylorri"
        },
        {
            "id": "419779739491262464",
            "like": "3",
            "replies": "3",
            "retweets": "13",
            "text": "RT pls: Bridge Trust #Tonbridge accepting #floodrelief  donations from tomorrow. See FB page for what is needed https://m.facebook.com/groups/1399716396941795?view=permalink&id=1403021296611305&refid=18&_ft_&_rdr\u00a0\u2026",
            "timestamp": "2014-01-05 10:37:43",
            "user": "SarahVSpence"
        },
        {
            "id": "408430175873822720",
            "like": "10",
            "replies": "3",
            "retweets": "48",
            "text": "Malaysia vs Japan. We need to do something about this #floodrelief pic.twitter.com/STSk6CNwJ4",
            "timestamp": "2013-12-05 02:58:36",
            "user": "Soya_Cincau"
        },
        {
            "id": "551722476867026944",
            "like": "49",
            "replies": "4",
            "retweets": "71",
            "text": "@TaeyangMY Under TaeYang we unite..! #MalaysianRedCrescent #FloodRelief pic.twitter.com/ItrrohY1k4",
            "timestamp": "2015-01-04 12:51:03",
            "user": "ShimmyAG"
        },
        {
            "id": "550872601569275904",
            "like": "41",
            "replies": "1",
            "retweets": "22",
            "text": "Guchil - Kuala Krai. #FloodRelief #BantuanBanjir \n\nPenghantaran seterusnya! InsyaAllah - #BantuanBanjir... http://fb.me/2tlI7rdKk\u00a0",
            "timestamp": "2015-01-02 04:33:57",
            "user": "hafizhamidun"
        },
        {
            "id": "550856733560963072",
            "like": "57",
            "replies": "1",
            "retweets": "17",
            "text": "Perjalanan ke Kuala Krai hari ini dibantu oleh escort oleh PDRM. #FloodRelief #BantuanBanjir @yellowpacks http://fb.me/71bwDMmSj\u00a0",
            "timestamp": "2015-01-02 03:30:54",
            "user": "hafizhamidun"
        },
        {
            "id": "550856593181802497",
            "like": "38",
            "replies": "1",
            "retweets": "12",
            "text": "Perjalanan ke Kuala Krai hari ini dibantu oleh escort oleh PDRM. #FloodRelief #BantuanBanjir yellowpacks http://instagram.com/p/xVicN0xKaY/\u00a0",
            "timestamp": "2015-01-02 03:30:20",
            "user": "hafizhamidun"
        },
        {
            "id": "550848390893142016",
            "like": "6",
            "replies": "0",
            "retweets": "11",
            "text": "[NOTICE] Malaysia #FloodRelief #BantuanBanjir: Help in monetary or donate daily needs, 4 Jan 2015 @ Tesco Ampangpic.twitter.com/vZwqQTSTTJ",
            "timestamp": "2015-01-02 02:57:45",
            "user": "TaeyangMY"
        },
        {
            "id": "549903246303584256",
            "like": "11",
            "replies": "1",
            "retweets": "27",
            "text": "[NOTICE] Malaysia #FloodRelief #BantuanBanjir: Help in monetary or donate daily needs, 4 Jan 2015 @ Tesco Ampangpic.twitter.com/vZwqQTSTTJ",
            "timestamp": "2014-12-30 12:22:05",
            "user": "TaeyangMY"
        },
        {
            "id": "548020594768216067",
            "like": "0",
            "replies": "0",
            "retweets": "12",
            "text": "Let's help the flood victims!\n#faithrestored #floodrelief",
            "timestamp": "2014-12-25 07:41:06",
            "user": "smfuuofficial"
        },
        {
            "id": "526611603194511361",
            "like": "8",
            "replies": "1",
            "retweets": "14",
            "text": "Rithvik, VIP & others entertain audience in Jammu #DainikJagran #FloodRelief\nhttp://epaper.jagran.com/ePaperArticle/27-oct-2014-edition-Jammu-page_15-5613-3098-25.html\u00a0\u2026pic.twitter.com/LTBlVSjhw1",
            "timestamp": "2014-10-27 05:49:24",
            "user": "Rithvikholics"
        },
        {
            "id": "526391786881552385",
            "like": "49",
            "replies": "7",
            "retweets": "93",
            "text": "Aap Assam Has Adopted More Than 1500 Students From Class 1 To Final Year Uptill Their Exams These Year .#Floodrelief pic.twitter.com/ASW0YhvqRT",
            "timestamp": "2014-10-26 15:15:56",
            "user": "kumarshashwat97"
        },
        {
            "id": "521968238805385217",
            "like": "33",
            "replies": "2",
            "retweets": "39",
            "text": "Huge Turnout to welcome Dr Qadri in Jhang. #FloodRelief\n#IamtheRevolutionpic.twitter.com/QYV7XkJDr1",
            "timestamp": "2014-10-14 10:18:20",
            "user": "AnjumKiani"
        },
        {
            "id": "517308640987193344",
            "like": "8",
            "replies": "1",
            "retweets": "13",
            "text": "Summary of #FloodRelief in #Pakistan, rations to 7,100, hot meals to 400, medical to 1,992, total 9,492 beneficiariespic.twitter.com/mPCwWpza3G",
            "timestamp": "2014-10-01 13:42:45",
            "user": "humanityfirstuk"
        },
        {
            "id": "513338329287258113",
            "like": "40",
            "replies": "13",
            "retweets": "11",
            "text": "RT @Majid_Agha: Bilawal Bhutto Zardari in #FloodRelief camp in Ghotki \n#HappyBirthdayBilawalBZ pic.twitter.com/xuTIwfD9ZA\u201d",
            "timestamp": "2014-09-20 14:46:09",
            "user": "sharmilafaruqi"
        },
        {
            "id": "512896684183916544",
            "like": "102",
            "replies": "15",
            "retweets": "29",
            "text": "#IDPs and #floodrelief - I urge everyone to reach out and donate pic.twitter.com/UtiXrnj0Y4",
            "timestamp": "2014-09-19 09:31:13",
            "user": "MaheenTaseer"
        },
        {
            "id": "512861676878577664",
            "like": "110",
            "replies": "102",
            "retweets": "57",
            "text": "Nice of the PM to order full security for @BBhuttoZardari for the south Punjab trip without any ask. #floodrelief",
            "timestamp": "2014-09-19 07:12:06",
            "user": "sherryrehman"
        },
        {
            "id": "512658161145102336",
            "like": "28",
            "replies": "5",
            "retweets": "17",
            "text": "#PPP Chairperson @BBhuttoZardari in action:  Visits flood affected areas.\n\n#Chiniot #Punjab #floodrelief pic.twitter.com/07rMaXDSSm",
            "timestamp": "2014-09-18 17:43:25",
            "user": "PPP_Org"
        },
        {
            "id": "512642747891593216",
            "like": "753",
            "replies": "225",
            "retweets": "388",
            "text": "#Chiniot #Punjab #floodrelief pic.twitter.com/BJRy36EBbW",
            "timestamp": "2014-09-18 16:42:10",
            "user": "BBhuttoZardari"
        },
        {
            "id": "512609102493523968",
            "like": "26",
            "replies": "4",
            "retweets": "6",
            "text": "In #Chiniot #PPP #FloodRelief #BBZpic.twitter.com/kNGzPBNu91",
            "timestamp": "2014-09-18 14:28:28",
            "user": "JahanAraWattoo"
        },
        {
            "id": "512604820797001728",
            "like": "441",
            "replies": "134",
            "retweets": "219",
            "text": "Met #PPP leadership @ LHR airport b4 heading 2 #Chiniot for #floodrelief pic.twitter.com/wa5if0NTEp",
            "timestamp": "2014-09-18 14:11:27",
            "user": "BBhuttoZardari"
        },
        {
            "id": "511801635958312960",
            "like": "14",
            "replies": "6",
            "retweets": "20",
            "text": "Read More\u25bahttp://urdu.dawn.com/news/1009668\u00a0 \u0686\u0646\u06cc\u0648\u0679 \u06a9\u06d2 \u06af\u0627\u0624\u06ba \u0645\u06cc\u06ba \u06a9\u0648\u0626\u06cc \u0633\u0631\u06a9\u0627\u0631\u06cc \u0645\u062f\u062f \u0646\u06c1\u06cc\u06ba \u067e\u06c1\u0646\u0686\u06cc #FloodRelief pic.twitter.com/7ZEO4QW31L",
            "timestamp": "2014-09-16 08:59:53",
            "user": "Dawn_News"
        },
        {
            "id": "511562667463426049",
            "like": "57",
            "replies": "29",
            "retweets": "10",
            "text": " @BBhuttoZardari: Handing over trucks for #Punjab #FloodRelief & cheque for #AJK #PPP #CharonSobonKiZanjeer pic.twitter.com/ZtpjBz91M3\u201d",
            "timestamp": "2014-09-15 17:10:18",
            "user": "sharmilafaruqi"
        },
        {
            "id": "511555933118279680",
            "like": "403",
            "replies": "106",
            "retweets": "213",
            "text": "Handing over trucks for #Punjab #FloodRelief & cheque for #AJK #FloodRelief #PPP #CharonSobonKiZanjeerpic.twitter.com/cM8Iffh7ng",
            "timestamp": "2014-09-15 16:43:33",
            "user": "BBhuttoZardari"
        },
        {
            "id": "635034598271942657",
            "like": "19",
            "replies": "0",
            "retweets": "12",
            "text": "\"@OnlineTollywood : The owner of golden heart @idevadhikari giving #FloodRelief wid @prosenjitbumba #GhatalMemories pic.twitter.com/Hz5Ee8pbvB\"",
            "timestamp": "2015-08-22 10:23:41",
            "user": "TeamDevFC"
        },
        {
            "id": "635032471524913152",
            "like": "13",
            "replies": "0",
            "retweets": "22",
            "text": "The owner of golden heart @idevadhikari giving #FloodRelief wid @prosenjitbumba #Exclusive #GhatalMemories #RT MUSTpic.twitter.com/dJuavWmzuK",
            "timestamp": "2015-08-22 10:15:14",
            "user": "OnlineTollywood"
        },
        {
            "id": "630311659681116160",
            "like": "21",
            "replies": "0",
            "retweets": "24",
            "text": "[ More Snaps ] @idevadhikari With Other Celebrities Yesterday At Ghatal..!! #FloodRelief #TollywoodTeampic.twitter.com/Mb6VI2r5hp",
            "timestamp": "2015-08-09 09:36:24",
            "user": "DevOurPride"
        },
        {
            "id": "630309152225529857",
            "like": "17",
            "replies": "0",
            "retweets": "20",
            "text": "@idevadhikari With Other Celebrities Yesterday At Ghatal Helping The Flood Victims..!! #FloodRelief #TollywoodTeampic.twitter.com/j9wvXUajlA",
            "timestamp": "2015-08-09 09:26:27",
            "user": "DevOurPride"
        },
        {
            "id": "630252759166509056",
            "like": "29",
            "replies": "1",
            "retweets": "24",
            "text": "#Exclusive Superstar @idevadhikari & @prosenjitbumba yesterday at ghatal during the visit of flood area #FloodRelief pic.twitter.com/huoP27kf0C",
            "timestamp": "2015-08-09 05:42:21",
            "user": "OnlineTollywood"
        },
        {
            "id": "630035280293052417",
            "like": "26",
            "replies": "0",
            "retweets": "25",
            "text": "\" Tumi Dev Tumi Data \" @idevadhikari wid his #FloodRelief team #RespectTollywood at Ghatal @prosenjitbumba #RT MUSTpic.twitter.com/uiCKdTMmRQ",
            "timestamp": "2015-08-08 15:18:10",
            "user": "OnlineTollywood"
        },
        {
            "id": "630016545314353152",
            "like": "21",
            "replies": "0",
            "retweets": "12",
            "text": "Hope this li'l contribution could bring smile on their faces !! Keep them in your prayers ! #FloodRelief pic.twitter.com/Q0TaNFGuKQ",
            "timestamp": "2015-08-08 14:03:44",
            "user": "TeamDevFC"
        },
        {
            "id": "629960121255235588",
            "like": "15",
            "replies": "0",
            "retweets": "18",
            "text": "\u0998\u09be\u099f\u09be\u09b2\u09c7 \u09ac\u09a8\u09cd\u09af\u09be \u09a6\u09c1\u09b0\u09cd\u0997\u09a4\u09a6\u09c7\u09b0 \u09aa\u09be\u09b6\u09c7 \u099f\u09b2\u09bf\u0989\u09a1 !! @idevadhikari and @prosenjitbumba at Ghatal! #FloodRelief pic.twitter.com/TFgYVtQRO7",
            "timestamp": "2015-08-08 10:19:31",
            "user": "TeamDevFC"
        },
        {
            "id": "626430840994529280",
            "like": "17",
            "replies": "0",
            "retweets": "11",
            "text": "Pakistan Navy Rescued 372People Including Women & Children From Different Areas Of District Sukkur.\n#FloodRelief\n#ABCpic.twitter.com/Z6kmY4OLKr",
            "timestamp": "2015-07-29 16:35:25",
            "user": "AnonymousFauji"
        },
        {
            "id": "623990846766096384",
            "like": "30",
            "replies": "0",
            "retweets": "10",
            "text": "What an unbelievable day. This is such an amazing turnout for a great cause. #FloodRelief #HelpJohnsonCounty",
            "timestamp": "2015-07-22 22:59:45",
            "user": "SundyBest"
        },
        {
            "id": "623540436234276864",
            "like": "23",
            "replies": "1",
            "retweets": "23",
            "text": "Looking forward to a special evening. So glad to have our brother @TTChilders joining us for the cause. #FloodRelief pic.twitter.com/ZGtz7uSzuM",
            "timestamp": "2015-07-21 17:09:59",
            "user": "SundyBest"
        },
        {
            "id": "611707855729602560",
            "like": "6",
            "replies": "0",
            "retweets": "13",
            "text": "Iftar Time...\n#Kashmir #Ramadan #Iftar #Time #Govt #FloodRelief #FloodVictimspic.twitter.com/3rIYvTCBRW",
            "timestamp": "2015-06-19 01:31:32",
            "user": "mirsuhail"
        },
        {
            "id": "606661841159217152",
            "like": "4",
            "replies": "0",
            "retweets": "16",
            "text": "Flood Relief...\n#Kashmir #FloodRelief #Govt #Rehabilitationpic.twitter.com/jrwMDEhZAc",
            "timestamp": "2015-06-05 03:20:28",
            "user": "mirsuhail"
        },
        {
            "id": "605412628580696065",
            "like": "19",
            "replies": "1",
            "retweets": "12",
            "text": "TEXAS, our texas benefit tee.  #texasflood #floodrelief http://ow.ly/NIRTv\u00a0pic.twitter.com/v4VKjcSBCw",
            "timestamp": "2015-06-01 16:36:33",
            "user": "junkgypsy"
        },
        {
            "id": "563455238657810433",
            "like": "39",
            "replies": "0",
            "retweets": "19",
            "text": "You have helped us with #FloodRelief projects. Thank you for that. Let this be our new project #SchoolsOfLife. Donatehttp://bit.ly/1KkpjTD\u00a0",
            "timestamp": "2015-02-05 21:52:52",
            "user": "novakfoundation"
        },
        {
            "id": "558452556997722112",
            "like": "27",
            "replies": "0",
            "retweets": "23",
            "text": "#FloodRelief #Tips for volunteers: \n\n1) Check the expiry date for food products\n2) Compare the price before you buypic.twitter.com/SYueRqDVcX",
            "timestamp": "2015-01-23 02:33:59",
            "user": "YellowPacks"
        },
        {
            "id": "558227080597737472",
            "like": "63",
            "replies": "6",
            "retweets": "33",
            "text": "#infographic Here's a brief summary on how the #FloodRelief funds have been used so far http://bit.ly/1EvrOiD\u00a0 Thank you!  #NDF",
            "timestamp": "2015-01-22 11:38:02",
            "user": "novakfoundation"
        },
        {
            "id": "946763167526293505",
            "like": "368",
            "replies": "5",
            "retweets": "95",
            "text": "#InTheYear2017 #IAF: #HADR Ops-#FloodRelief in UP, Bihar & Assam (13-24 Aug17), IAF deployed #C17 & #AN32 to airlift NDRF & Army Teams to undertake #RescueMissions in Purnia. IAF undertook around 300 Missions, Evacuated Appx.1500 People & distributed 570 Tons of Relief Material.pic.twitter.com/Caqx1bpQYh",
            "timestamp": "2017-12-29 15:21:43",
            "user": "IAF_MCC"
        },
        {
            "id": "938334024120000512",
            "like": "24",
            "replies": "2",
            "retweets": "13",
            "text": "Centre builds #Chabahar port in #Iran but denies permission to build #Tajpur port in #WestBengal & stalls #Sagar port project. Centre gives 25 million Takas to #Nepal for #floodrelief & ZERO to #WestBengal. @derekobrienmp @ShoaibDaniyal @asaravanan21 @sanjayuvacha @sohinichat",
            "timestamp": "2017-12-06 09:07:19",
            "user": "GargaC"
        },
        {
            "id": "923206499048087552",
            "like": "9",
            "replies": "0",
            "retweets": "25",
            "text": "#FloodRelief \nGrants for\n-House Repairs\n-Household Items &\n-School Supplies are available from Min of Social Dev't - http://www.bit.ly/2gJlTpX\u00a0pic.twitter.com/ZSiOo7MuWO",
            "timestamp": "2017-10-25 15:15:56",
            "user": "newsgovtt"
        },
        {
            "id": "921890680766697472",
            "like": "217",
            "replies": "35",
            "retweets": "86",
            "text": "Hey, they just played the National Anthem at #FloodRelief concert and @BarackObama didn\u2019t take a knee! #Amazing - So far so good!pic.twitter.com/KteIMkRNZ1",
            "timestamp": "2017-10-22 00:07:20",
            "user": "gatewaypundit"
        },
        {
            "id": "906822233091440640",
            "like": "25",
            "replies": "0",
            "retweets": "4",
            "text": "When natural disaster breaks even terrorists don't stand a chance #ClimateisChanging #ClimateChangeIsReal #floodrelief",
            "timestamp": "2017-09-10 10:10:42",
            "user": "SERIKIBilly"
        },
        {
            "id": "905171400633323520",
            "like": "21",
            "replies": "5",
            "retweets": "9",
            "text": "A \"NO WAKE\" sign on Highway 12, still under water in Deweyville, TX\n#Harvey\n#floodrelief pic.twitter.com/zANohO5Wo0",
            "timestamp": "2017-09-05 20:50:53",
            "user": "RickLeventhal"
        },
        {
            "id": "905058499234844674",
            "like": "27",
            "replies": "0",
            "retweets": "12",
            "text": "Prayer before @BexarCoSheriff deputies drive to Houston to help @houstonpolice #floodrelief pic.twitter.com/Bd6q1O55kf",
            "timestamp": "2017-09-05 13:22:16",
            "user": "darlenedorseyTV"
        },
        {
            "id": "904485066637623296",
            "like": "27",
            "replies": "0",
            "retweets": "10",
            "text": "70 pets are being flown in on a private jet today from #Texas to #BayArea in #floodrelief effort @sfspca #MutvilleSeniorDogRescue @kron4newspic.twitter.com/E8Ltjavd3V",
            "timestamp": "2017-09-03 23:23:39",
            "user": "EllaSogomonian"
        },
        {
            "id": "904471604712931328",
            "like": "31",
            "replies": "4",
            "retweets": "20",
            "text": "\u201cWe\u2019re in #Texas for the long term\u201d announces Israeli aid group. #FloodRelief https://buff.ly/2gB6Fm6\u00a0",
            "timestamp": "2017-09-03 22:30:09",
            "user": "ISRAEL21C"
        },
        {
            "id": "904412852676694016",
            "like": "13",
            "replies": "15",
            "retweets": "12",
            "text": "PLEASE HELP this elderly couple who lost everything. http://www.benfloodrelief.com\u00a0 #HoustonFlood #texasstong #floodrelief #HoustonFloodspic.twitter.com/r5ZIjQJCTz",
            "timestamp": "2017-09-03 18:36:41",
            "user": "benfergusonshow"
        },
        {
            "id": "903945808344698881",
            "like": "78",
            "replies": "3",
            "retweets": "29",
            "text": "GoodMorningTexas Help is heading your way! \nWe  our @POTUS #DonateToTexas #floodrelief #TrumpArmy #MAGA #Texaspic.twitter.com/Oi3d9yFX8K",
            "timestamp": "2017-09-02 11:40:49",
            "user": "BarbMuenchen"
        },
        {
            "id": "903694563541491712",
            "like": "909",
            "replies": "38",
            "retweets": "323",
            "text": "it's here! the JG+ML+TNQ #hurricaneharvey benefit tee is LIVE! let's see what we can do together! #floodrelief http://ow.ly/x4Ut30eQVxl\u00a0pic.twitter.com/HyEXFQfnsA",
            "timestamp": "2017-09-01 19:02:28",
            "user": "junkgypsy"
        },
        {
            "id": "903369404666306561",
            "like": "23",
            "replies": "0",
            "retweets": "10",
            "text": "RT RickLeventhal: Tail end of horse rescue in #Beaumont\n#harvey\n#FloodRelief pic.twitter.com/yv9721fV6b via foxnewsradio",
            "timestamp": "2017-08-31 21:30:24",
            "user": "topnuntious"
        },
        {
            "id": "903366732089356288",
            "like": "143",
            "replies": "6",
            "retweets": "55",
            "text": "Tail end of horse rescue in #Beaumont\n#harvey\n#FloodRelief pic.twitter.com/6gOrLeFOTV",
            "timestamp": "2017-08-31 21:19:47",
            "user": "RickLeventhal"
        },
        {
            "id": "903315527757594625",
            "like": "45",
            "replies": "1",
            "retweets": "24",
            "text": "US-69 N between Port Arthur & Beaumont now passable #Harvey\n#floodrelief pic.twitter.com/FRRgfMxK3a",
            "timestamp": "2017-08-31 17:56:19",
            "user": "RickLeventhal"
        },
        {
            "id": "719133413161218048",
            "like": "11",
            "replies": "0",
            "retweets": "11",
            "text": "So very true, RT @cumpstonarchive:, #BuyLocal and help #floodrelief @grasmerevillage @BWGlenridding\n#NotJustLakespic.twitter.com/SYz6hsspXK",
            "timestamp": "2016-04-10 12:02:21",
            "user": "In_Ireby"
        },
        {
            "id": "719084349195493376",
            "like": "19",
            "replies": "0",
            "retweets": "13",
            "text": "Last tweet before hitting the hills, #BuyLocal and help #floodrelief @grasmerevillage @BWGlenridding\n#NotJustLakespic.twitter.com/zhy5SnbDXT",
            "timestamp": "2016-04-10 08:47:23",
            "user": "cumpstonarchive"
        },
        {
            "id": "695472941291556864",
            "like": "39",
            "replies": "6",
            "retweets": "24",
            "text": "Reaching out to render timely #floodrelief to communities in #Thoothukudi is indeed commendable. @sterlite_copper, keep on the good work.",
            "timestamp": "2016-02-05 05:04:05",
            "user": "AnilAgarwal_Ved"
        },
        {
            "id": "688701599389212673",
            "like": "36",
            "replies": "4",
            "retweets": "25",
            "text": "Halifax people! Come to this! #floodrelief #wringouttheclownshttps://twitter.com/hebdencomedy/status/687995715159724032\u00a0\u2026",
            "timestamp": "2016-01-17 12:37:11",
            "user": "SarahMillican75"
        },
        {
            "id": "687328953346953216",
            "like": "27",
            "replies": "1",
            "retweets": "9",
            "text": "SOLD for \u00a3130 ALL donations to #FloodRelief #Calderdale #magpie #bird @TheDesignTrust @HandmadeHour #Yorkshirepic.twitter.com/U43g8jRfvN",
            "timestamp": "2016-01-13 17:42:47",
            "user": "MichelleCamArt"
        },
        {
            "id": "686869119577272321",
            "like": "3",
            "replies": "0",
            "retweets": "12",
            "text": "The Victoria Theatre is hosting another night of entertainment to raise money for #FloodRelief. Ft top stand ups! https://twitter.com/VicTheatre/status/686868660477136896\u00a0\u2026",
            "timestamp": "2016-01-12 11:15:34",
            "user": "Calderdale"
        },
        {
            "id": "686868660477136896",
            "like": "35",
            "replies": "7",
            "retweets": "34",
            "text": "Comedy Gala for #FloodRelief 8 Feb! @fatjacko @rorybremner @IAmChrisRamsey @justinmoorhouse http://ow.ly/WWAkZ\u00a0pic.twitter.com/P9SbPNzbXj",
            "timestamp": "2016-01-12 11:13:44",
            "user": "VicTheatre"
        },
        {
            "id": "685847712751824896",
            "like": "25",
            "replies": "2",
            "retweets": "27",
            "text": "#IsraAid at #hebdenrising #hebdenbridge #hebdenbridgefloods #Yorkshire working hard #floodrelief pic.twitter.com/z4Wc7hOGd5",
            "timestamp": "2016-01-09 15:36:51",
            "user": "YorkshireIsrael"
        },
        {
            "id": "371526673117638656",
            "like": "11",
            "replies": "7",
            "retweets": "18",
            "text": "2 ALH & 2 Cheetah helicopters of Army dropped food packets for 4000 people in 16 Flood affected villages #Floodrelief pic.twitter.com/wxGBXGzj9t",
            "timestamp": "2013-08-25 06:57:16",
            "user": "adgpi"
        },
        {
            "id": "371522780803510272",
            "like": "7",
            "replies": "4",
            "retweets": "19",
            "text": "Army rescued about 600 villagers to safety in Hoshangabad. Flood relief in progress. #Floodrelief .",
            "timestamp": "2013-08-25 06:41:48",
            "user": "adgpi"
        },
        {
            "id": "371263517686378497",
            "like": "6",
            "replies": "1",
            "retweets": "27",
            "text": "Army columns deployed on either banks of Narmada River to rescue affected people #Floodrelief pic.twitter.com/CtmAGJavXy",
            "timestamp": "2013-08-24 13:31:35",
            "user": "adgpi"
        },
        {
            "id": "371262593983197184",
            "like": "4",
            "replies": "3",
            "retweets": "13",
            "text": "Rescue operations in Hoshangabad district #Floodrelief pic.twitter.com/FDO6QpZxnK",
            "timestamp": "2013-08-24 13:27:54",
            "user": "adgpi"
        },
        {
            "id": "371223222512922625",
            "like": "11",
            "replies": "7",
            "retweets": "30",
            "text": "Army rescued more than 250 marooned villagers to safety in Hoshangabad. Flood relief in progress. #Floodrelief . pic.twitter.com/Kn71FJphyE",
            "timestamp": "2013-08-24 10:51:27",
            "user": "adgpi"
        },
        {
            "id": "358210660447956993",
            "like": "1",
            "replies": "4",
            "retweets": "12",
            "text": "Nickelback added to Aug. 15 flood aid concert at McMahon Stadium: http://bit.ly/14mgZRi\u00a0 #yyc #yycflood #floodrelief",
            "timestamp": "2013-07-19 13:04:11",
            "user": "calgaryherald"
        },
        {
            "id": "356130671565082624",
            "like": "5",
            "replies": "7",
            "retweets": "17",
            "text": "Hey @redcrosscanada We raised $10,000 for the #Ab #floodRelief. @CSchuckwagons thanks to following sponsors \n#Tomco @Ranchmans #NaborsCanada",
            "timestamp": "2013-07-13 19:19:03",
            "user": "RaeCroteau"
        },
        {
            "id": "355828656343482368",
            "like": "0",
            "replies": "0",
            "retweets": "11",
            "text": "Be warned of #FloodRelief scheme in #yeg! #EPS says donut seller allegedly steals credit card info and racks up $! http://www.edmontonpolice.ca/News/MediaReleases/Policewarnofdonutfloodreliefscam.aspx\u00a0\u2026",
            "timestamp": "2013-07-12 23:18:57",
            "user": "JulieMHelps"
        },
        {
            "id": "355248995649585152",
            "like": "7",
            "replies": "6",
            "retweets": "15",
            "text": "21 member team of Army reach Kedarnath through alternate route #Floodrelief",
            "timestamp": "2013-07-11 08:55:35",
            "user": "adgpi"
        },
        {
            "id": "797893568610336768",
            "like": "21",
            "replies": "0",
            "retweets": "10",
            "text": "A HUGE thanks to everyone who came out & made the #SundaySupperNC so successful today! We raised a ton of $ to aid in the #floodrelief!  pic.twitter.com/ogFaZdfnpM",
            "timestamp": "2016-11-13 20:07:05",
            "user": "SundaySupperUSA"
        },
        {
            "id": "787001560647753729",
            "like": "37",
            "replies": "0",
            "retweets": "12",
            "text": "Preparing 5,800 cans of clean filtered water for the flood victims in Lumberton. #cleanwater #floodrelief @NoDaBrewingpic.twitter.com/47jarRXbWD",
            "timestamp": "2016-10-14 18:46:08",
            "user": "HoppyTodd"
        },
        {
            "id": "786289715070787588",
            "like": "23",
            "replies": "1",
            "retweets": "6",
            "text": "Extremely grateful to @FollowMRO @mauldin_billy and my @NASCAR family for the aid to my city of Goldsboro. @newsargus #FloodRelief",
            "timestamp": "2016-10-12 19:37:31",
            "user": "TheAlexHayden"
        },
        {
            "id": "776507198784405504",
            "like": "66",
            "replies": "1",
            "retweets": "12",
            "text": "Hey no work for @ALoupe6 w that healing thumb! Nice purple wrap tho! #FloodRelief w @davidtomsgolf @SmylieKaufman10pic.twitter.com/kINqMBtPoy",
            "timestamp": "2016-09-15 19:45:17",
            "user": "LSUTigersBook"
        },
        {
            "id": "776501970055995392",
            "like": "38",
            "replies": "0",
            "retweets": "13",
            "text": "Ex #LSU @davidtomsgolf @aloupe6 @SmylieKaufman10 have seen a lot today. Also donated 100K #FloodRelief @LSUMensGolfpic.twitter.com/a1VJc79BbQ",
            "timestamp": "2016-09-15 19:24:31",
            "user": "LSUTigersBook"
        },
        {
            "id": "775061435542044673",
            "like": "24",
            "replies": "2",
            "retweets": "11",
            "text": "Thank You! With your help, we raised over $10,500 for #Louisiana #FloodRelief. @SOURCEvapespic.twitter.com/P3Ya84R10y",
            "timestamp": "2016-09-11 20:00:20",
            "user": "HIGH_TIMES_Mag"
        },
        {
            "id": "771415732013916160",
            "like": "4",
            "replies": "0",
            "retweets": "11",
            "text": "Can you help Cypress? Please!! @CyFairJoel @cyfallshs @CyFairISD @COFHouston @becky_denton #FloodRelief pic.twitter.com/cy2RPomjfv",
            "timestamp": "2016-09-01 18:33:37",
            "user": "Steel_coach"
        },
        {
            "id": "767741914565050368",
            "like": "11",
            "replies": "1",
            "retweets": "13",
            "text": "\u0917\u0902\u0917\u093e \u091c\u0940 \u0928\u0947 \u092e\u094c\u0915\u093e \u0926\u093f\u092f\u093e \u0939\u0948..\u0915\u0930 \u0932\u094b \u0906\u0928\u0947 \u0935\u093e\u0932\u0940 \u092a\u0941\u0936\u094d\u0924\u094b\u0902 \u0915\u093e \u0907\u0902\u0924\u091c\u093e\u092e ?..\u092c\u093e\u0915\u0940 \u0921\u0942\u092c\u0928\u093e \u0914\u0930 \u0909\u092c\u0930\u0928\u093e \u0924\u094b \u0917\u0930\u0940\u092c\u094b\u0902 \u0915\u0940 \u091c\u093f\u0902\u0926\u0917\u0940 \u0915\u093e \u090f\u0915 \u0939\u093f\u0938\u094d\u0938\u093e \u0939\u0940 \u0939\u0948 !\n#FloodRelief",
            "timestamp": "2016-08-22 15:15:11",
            "user": "mshiteshmohan"
        },
        {
            "id": "767106697638707200",
            "like": "13",
            "replies": "0",
            "retweets": "13",
            "text": "Official cooler partner of DU, @K2Coolers is raising #FloodRelief funds for #LouisianaFlood Good time to get one!pic.twitter.com/PrrHbwG9qI",
            "timestamp": "2016-08-20 21:11:03",
            "user": "DucksUnlimited"
        },
        {
            "id": "766472525807165440",
            "like": "27",
            "replies": "0",
            "retweets": "24",
            "text": "Official cooler partner of DU, @K2Coolers is raising #FloodRelief funds for #LouisianaFlood Good time to get one!pic.twitter.com/xwmtOH9p9z",
            "timestamp": "2016-08-19 03:11:05",
            "user": "DucksUnlimited"
        },
        {
            "id": "766376887065063424",
            "like": "22",
            "replies": "1",
            "retweets": "15",
            "text": "Official cooler partner of DU, @K2Coolers is raising #FloodRelief funds for #LouisianaFlood Good time to get one!pic.twitter.com/h1PbPK6quo",
            "timestamp": "2016-08-18 20:51:03",
            "user": "DucksUnlimited"
        },
        {
            "id": "1051004806347857920",
            "like": "581",
            "replies": "11",
            "retweets": "343",
            "text": "Hindus of Kerala have been peacefully protesting against the colonial invasion by the Secular state in our temple. \nThe CM & ministers are going to foreign countries to collect money for #FloodRelief. \nHope Hindus in those countries give #SaveSabarimala placards as donation",
            "timestamp": "2018-10-13 07:00:47",
            "user": "Kuvalayamala"
        },
        {
            "id": "1043838793747292160",
            "like": "16",
            "replies": "0",
            "retweets": "12",
            "text": "Ernakulam PC Aam Aadmi\nFriendship meet at Meera Mandhir Vyttila #floodrelief #rebuildingkerala @AAP_Kerala @CRneelakandan @attorneybharti @ArvindKejriwalpic.twitter.com/Z5UAW006pz",
            "timestamp": "2018-09-23 12:25:36",
            "user": "shakeerali231"
        },
        {
            "id": "1037732256834613248",
            "like": "135",
            "replies": "0",
            "retweets": "83",
            "text": "Kudos to this young IAS officer Kannan Gopinathan for his incognito service.\nWe admire the selfless & phenomenal work done by him at the Kerala Relief camp.  \n#KeralaFloods #FloodRelief\nhttps://www.hindustantimes.com/india-news/he-came-as-ias-officer-to-donate-money-for-kerala-stayed-on-to-help-in-flood-relief-camp/story-I5RpwvPRzx9lQ9GYzBfujI.html\u00a0\u2026",
            "timestamp": "2018-09-06 16:00:24",
            "user": "MahilaCongress"
        },
        {
            "id": "1037727947166310400",
            "like": "81",
            "replies": "1",
            "retweets": "16",
            "text": "\u0926\u0941\u0932\u094d\u0939\u0926\u0947\u092a\u0941\u0930,\u0926\u0930\u093f\u092f\u093e\u092c\u093e\u0926 \u092e\u0947\u0902 \u092e\u093e. #UPCM \u092e\u0939\u0902\u0924 \u0936\u094d\u0930\u0940 @myogiadityanath \u091c\u0940 \u0935 \u0938\u094d\u0925\u093e\u0928\u0940\u092f \u0935\u093f\u0927\u093e\u092f\u0915 \u0936\u094d\u0930\u0940 @SatishSharmaMla \u0935 \u092c\u093e\u0930\u093e\u092c\u0902\u0915\u0940 \u0915\u0947 \u092e\u093e. \u0935\u093f\u0927\u093e\u092f\u0915\u0917\u0923\u094b\u0902 \u0915\u0940 \u0909\u092a\u0938\u094d\u0925\u093f\u0924\u093f \u092e\u0947\u0902 \u092c\u093e\u0922\u093c \u092a\u0940\u0921\u093c\u093f\u0924\u094b\u0902 \u0915\u094b \u0930\u093e\u0939\u0924 \u0938\u093e\u092e\u0917\u094d\u0930\u0940 \u0935\u093f\u0924\u0930\u093f\u0924 \u0915\u0940\u0964 #floodrelief pic.twitter.com/bbGvZUjvWK",
            "timestamp": "2018-09-06 15:43:17",
            "user": "LalluSinghBJP"
        },
        {
            "id": "1037718378969030659",
            "like": "571",
            "replies": "52",
            "retweets": "98",
            "text": "\u0906\u091c \u092e\u094b\u0924\u0940\u0932\u093e\u0932 \u0928\u0947\u0939\u0930\u0942 \u0938\u094d\u092e\u093e\u0930\u0915 \u0907\u0923\u094d\u091f\u0930 \u0915\u0949\u0932\u0947\u091c \u0930\u093e\u092e\u0928\u0917\u0930 \u0906\u091c\u092e\u0917\u0922\u093c \u092e\u0947\u0902 \u092c\u093e\u0922\u093c \u092a\u0940\u0921\u093c\u093f\u0924\u094b\u0902 \u0915\u094b \u0930\u093e\u0939\u0924 \u0938\u093e\u092e\u0917\u094d\u0930\u0940 \u0935\u093f\u0924\u0930\u093f\u0924 \u0915\u093f\u092f\u093e\u0964 \u0924\u0924\u094d\u092a\u0936\u094d\u091a\u093e\u0924 \u092a\u094d\u0930\u092d\u093e\u0935\u093f\u0924 \u0915\u094d\u0937\u0947\u0924\u094d\u0930\u094b\u0902 \u0915\u093e \u0939\u0935\u093e\u0908 \u0928\u093f\u0930\u0940\u0915\u094d\u0937\u0923 \u0915\u093f\u092f\u093e \u0964 \u0938\u093e\u0925 \u0939\u0940 \u091c\u0928\u092a\u0926 \u0915\u0947 \u0905\u0927\u093f\u0915\u093e\u0930\u093f\u092f\u094b\u0902 \u090f\u0935\u0902 \u091c\u0928 \u092a\u094d\u0930\u0924\u093f\u0928\u093f\u0927\u093f\u092f\u094b\u0902 \u0938\u0947 \u092d\u0940 \u092c\u0922\u093c-\u091a\u0922\u093c \u0915\u0930 \u092e\u0926\u0926 \u0915\u0930\u0928\u0947 \u0915\u0940 \u0905\u092a\u0940\u0932 \u0915\u0940. #FloodRelief #Azamgarhpic.twitter.com/tCjJkxwAYQ",
            "timestamp": "2018-09-06 15:05:16",
            "user": "kpmaurya1"
        },
        {
            "id": "1037682583230967808",
            "like": "31",
            "replies": "0",
            "retweets": "8",
            "text": "'\u0ba8\u0bbf\u0bb5\u0bbe\u0bb0\u0ba3\u0bae\u0bc1\u0bae\u0bcd \u0b95\u0bbf\u0b9f\u0bc8\u0baf\u0bbe\u0ba4\u0bc1; \u0baa\u0b9f\u0bcd\u0b9f\u0bbe\u0bb5\u0bc1\u0bae\u0bcd \u0b95\u0bbf\u0b9f\u0bc8\u0baf\u0bbe\u0ba4\u0bc1' - \u0b86\u0b95\u0bcd\u0b95\u0bbf\u0bb0\u0bae\u0bbf\u0baa\u0bcd\u0baa\u0bbe\u0bb3\u0bb0\u0bcd\u0b95\u0bb3\u0bc8\u0ba4\u0bcd \u0ba4\u0bc6\u0bb1\u0bbf\u0b95\u0bcd\u0b95\u0bb5\u0bbf\u0b9f\u0bcd\u0b9f \u0b89\u0baf\u0bb0\u0bcd \u0ba8\u0bc0\u0ba4\u0bbf\u0bae\u0ba9\u0bcd\u0bb1\u0bae\u0bcd! | #ChennaiHighCourt | #FloodRelief | http://bit.ly/2oK6lm0\u00a0pic.twitter.com/afMd34hFGl",
            "timestamp": "2018-09-06 12:43:01",
            "user": "vikatan"
        },
        {
            "id": "1037619399258071040",
            "like": "37",
            "replies": "6",
            "retweets": "17",
            "text": "#BreakingNews \"\u0b9a\u0bc6\u0ba9\u0bcd\u0ba9\u0bc8\u0baf\u0bbf\u0bb2\u0bcd \u0b89\u0bb3\u0bcd\u0bb3 \u0ba8\u0bc0\u0bb0\u0bcd\u0ba8\u0bbf\u0bb2\u0bc8 \u0b86\u0b95\u0bcd\u0b95\u0bbf\u0bb0\u0bae\u0bbf\u0baa\u0bcd\u0baa\u0bc1\u0b95\u0bb3\u0bc8 8 \u0bb5\u0bbe\u0bb0\u0b99\u0bcd\u0b95\u0bb3\u0bbf\u0bb2\u0bcd \u0b85\u0b95\u0bb1\u0bcd\u0bb1 \u0bb5\u0bc7\u0ba3\u0bcd\u0b9f\u0bc1\u0bae\u0bcd\" - \u0b9a\u0bc6\u0ba9\u0bcd\u0ba9\u0bc8  \u0bae\u0bbe\u0bb5\u0b9f\u0bcd\u0b9f \u0b86\u0b9f\u0bcd\u0b9a\u0bbf\u0baf\u0bb0\u0bc1\u0b95\u0bcd\u0b95\u0bc1 \n\u0b89\u0baf\u0bb0\u0bcd\u0ba8\u0bc0\u0ba4\u0bbf\u0bae\u0ba9\u0bcd\u0bb1\u0bae\u0bcd \u0b89\u0ba4\u0bcd\u0ba4\u0bb0\u0bb5\u0bc1\n\n* \u0ba8\u0bc0\u0bb0\u0bcd\u0ba8\u0bbf\u0bb2\u0bc8\u0b95\u0bb3\u0bc8 \u0b86\u0b95\u0bcd\u0b95\u0bbf\u0bb0\u0bae\u0bbf\u0baa\u0bcd\u0baa\u0ba4\u0bc1 \u0b95\u0b9f\u0bc1\u0bae\u0bcd \u0b95\u0bc1\u0bb1\u0bcd\u0bb1\u0bae\u0bcd - \u0ba8\u0bc0\u0ba4\u0bbf\u0baa\u0ba4\u0bbf \u0bb5\u0bc7\u0ba4\u0ba9\u0bc8\n#Encroachments | #FloodRelief | #HighCourt | #TNGovtpic.twitter.com/kKw9i3i8uZ",
            "timestamp": "2018-09-06 08:31:57",
            "user": "ThanthiTV"
        },
        {
            "id": "1037619396175310848",
            "like": "84",
            "replies": "2",
            "retweets": "19",
            "text": "#BreakingNews \"\u0ba8\u0bc0\u0bb0\u0bcd\u0ba8\u0bbf\u0bb2\u0bc8\u0b95\u0bb3\u0bc8 \u0b86\u0b95\u0bcd\u0b95\u0bbf\u0bb0\u0bae\u0bbf\u0ba4\u0bcd\u0ba4\u0bb5\u0bb0\u0bcd\u0b95\u0bb3\u0bc1\u0b95\u0bcd\u0b95\u0bc1 \u0bb5\u0bc6\u0bb3\u0bcd\u0bb3 \u0ba8\u0bbf\u0bb5\u0bbe\u0bb0\u0ba3\u0bae\u0bcd \u0bb5\u0bb4\u0b99\u0bcd\u0b95 \u0b95\u0bc2\u0b9f\u0bbe\u0ba4\u0bc1\" - \u0ba4\u0bae\u0bbf\u0bb4\u0b95 \u0b85\u0bb0\u0b9a\u0bc1\u0b95\u0bcd\u0b95\u0bc1 \u0b9a\u0bc6\u0ba9\u0bcd\u0ba9\u0bc8 \u0b89\u0baf\u0bb0\u0bcd \u0ba8\u0bc0\u0ba4\u0bbf\u0bae\u0ba9\u0bcd\u0bb1\u0bae\u0bcd \u0b89\u0ba4\u0bcd\u0ba4\u0bb0\u0bb5\u0bc1\n#Encroachments | #FloodRelief | #HighCourt | #TNGovtpic.twitter.com/luVlnu3TWn",
            "timestamp": "2018-09-06 08:31:56",
            "user": "ThanthiTV"
        },
        {
            "id": "1036614878507819011",
            "like": "35",
            "replies": "2",
            "retweets": "4",
            "text": "Feeling very Heavy at heart. Sadness of the flood disaster affected people can not be expressed until visiting them in person. #keralafloods #floodrelief https://www.instagram.com/p/BnOWojnFP2-/?utm_source=ig_twitter_share&igshid=yee013ifzonr\u00a0\u2026",
            "timestamp": "2018-09-03 14:00:21",
            "user": "actorrahman"
        },
        {
            "id": "1036231455628701696",
            "like": "22",
            "replies": "0",
            "retweets": "4",
            "text": ". @actorrahman full swing #floodrelief work at #keralaAluvapic.twitter.com/tCjapkTh5i",
            "timestamp": "2018-09-02 12:36:45",
            "user": "bond_movie"
        },
        {
            "id": "1035846137574391808",
            "like": "112",
            "replies": "0",
            "retweets": "54",
            "text": "#\u0d15\u0d41\u0d1f\u0d4d\u0d1f\u0d28\u0d3e\u0d1f\u0d4d\u0d1f\u0d3f\u0d32\u0d46 \u0d38\u0d3f \u0d2a\u0d3f \u0d10 \u0d2a\u0d4d\u0d30\u0d35\u0d7c\u0d24\u0d4d\u0d24\u0d15\u0d30\u0d41\u0d1f\u0d46 \u0d35\u0d40\u0d1f\u0d4d\u0d1f\u0d3f\u0d32\u0d41\u0d02 \u0d38\u0d39\u0d3e\u0d2f\u0d24\u0d4d\u0d24\u0d3f\u0d28\u0d4d\u0d28\u0d41 \u0d13\u0d1f\u0d3f\u0d2f\u0d46\u0d24\u0d4d\u0d24\u0d3e\u0d7b  \u0d38\u0d47\u0d35\u0d3e\u0d2d\u0d3e\u0d30\u0d24\u0d3f\u0d15\u0d4d\u0d15\u0d3e\u0d7c \u0d2e\u0d3e\u0d24\u0d4d\u0d30\u0d02  \n\n#Sevabarati workers doing #floodrelief seva at #CPI workers house at\n#Kuttanad\n#KeralaFloodRelief\n#\u0d1a\u0d3e\u0d23\u0d15\u0d38\u0d02\u0d18\u0d3f \u0d2f\u0d46 \u0d1a\u0d46\u0d19\u0d4d\u0d15\u0d4a\u0d1f\u0d3f \u0d2a\u0d3f\u0d1f\u0d3f\u0d2a\u0d4d\u0d2a\u0d3f\u0d15\u0d4d\u0d15\u0d3e\u0d28\u0d41\u0d33\u0d4d\u0d33 \u0d15\u0d2e\u0d4d\u0d2e\u0d3f \u0d10\u0d21\u0d3f\u0d2f \u0d06\u0d2f\u0d3f\u0d30\u0d3f\u0d15\u0d4d\u0d15\u0d41\u0d02pic.twitter.com/8IwNkvCeAu",
            "timestamp": "2018-09-01 11:05:38",
            "user": "colctrbro"
        },
        {
            "id": "1035776530729721856",
            "like": "77",
            "replies": "4",
            "retweets": "23",
            "text": "Perhaps the only lacquer artist in India, Kesu Das, a native of Dublagadi in #Odisha, is exhibiting his work at a group show Purbaee & supporting the #floodrelief programme in Kerala. #StrongerTogether \n\nRead more:http://www.newindianexpress.com/cities/bengaluru/2018/aug/29/lacquer-artist-from-odisha-raises-funds-for-kerala-1864157.html\u00a0\u2026",
            "timestamp": "2018-09-01 06:29:03",
            "user": "odisha_tourism"
        },
        {
            "id": "1034672981073522688",
            "like": "22",
            "replies": "1",
            "retweets": "18",
            "text": "#KeralaSamajamSurat #FloodRelief Meterial reached Trissure District, Kerala. \n\nThanks @collectorsurat , #NGO\u2019s , Surtis for your Big Support. #KeralaFlood @vijayanpinarayi @CMOKerala @NewsAsianetpic.twitter.com/4Qyu3QX4XR",
            "timestamp": "2018-08-29 05:23:56",
            "user": "sanjayezhava"
        },
        {
            "id": "1034516766343553025",
            "like": "145",
            "replies": "1",
            "retweets": "115",
            "text": "The flood in Kerala caused severe damages due to uncontrolled exploitation of the natural environment in #WesternGhats \nChurch is the main force behind the exploitation. \nHave anyone see any media, crypto Mythologists or Politician asking the Church to donate for #FloodRelief?",
            "timestamp": "2018-08-28 19:03:12",
            "user": "Kuvalayamala"
        },
        {
            "id": "1034412234246565888",
            "like": "25",
            "replies": "0",
            "retweets": "5",
            "text": "\u0b95\u0bc7\u0bb0\u0bb3 \u0bb5\u0bc6\u0bb3\u0bcd\u0bb3 \u0ba8\u0bbf\u0bb5\u0bbe\u0bb0\u0ba3 \u0ba8\u0bbf\u0ba4\u0bbf\u0baf\u0bc1\u0ba4\u0bb5\u0bbf\u0baf\u0bbe\u0b95 \u0b87\u0ba4\u0bc1\u0bb5\u0bb0\u0bc8 \u0bb0\u0bc1.713.9 \u0b95\u0bcb\u0b9f\u0bbf \u0b95\u0bbf\u0b9f\u0bc8\u0ba4\u0bcd\u0ba4\u0bc1\u0bb3\u0bcd\u0bb3\u0ba4\u0bbe\u0b95 \u0ba4\u0b95\u0bb5\u0bb2\u0bcd\n#KeralaFlood | #FloodRelief\nhttp://polimernews.com/view/26416\u00a0",
            "timestamp": "2018-08-28 12:07:49",
            "user": "polimernews"
        },
        {
            "id": "1034382631759044608",
            "like": "35",
            "replies": "1",
            "retweets": "8",
            "text": "\u0b95\u0bc7\u0bb0\u0bb3 \u0bb5\u0bc6\u0bb3\u0bcd\u0bb3 \u0ba8\u0bbf\u0bb5\u0bbe\u0bb0\u0ba3\u0ba4\u0bcd\u0ba4\u0bbf\u0bb1\u0bcd\u0b95\u0bc1 \u0ba4\u0bae\u0bbf\u0bb4\u0b95 \u0b85\u0bb0\u0b9a\u0bc1 \u0b8a\u0bb4\u0bbf\u0baf\u0bb0\u0bcd\u0b95\u0bb3\u0bcd \u0bae\u0bb1\u0bcd\u0bb1\u0bc1\u0bae\u0bcd \u0b86\u0b9a\u0bbf\u0bb0\u0bbf\u0baf\u0bb0\u0bcd\u0b95\u0bb3\u0bcd \u0ba4\u0b99\u0bcd\u0b95\u0bb3\u0ba4\u0bc1 \u0b92\u0bb0\u0bc1 \u0ba8\u0bbe\u0bb3\u0bcd \u0b9a\u0bae\u0bcd\u0baa\u0bb3\u0ba4\u0bcd\u0ba4\u0bc8 \u0bb5\u0bb4\u0b99\u0bcd\u0b95\u0baa\u0bcd\u0baa\u0b9f\u0bc1\u0bae\u0bcd #KeralaFloods #TNGovt #FloodRelief #AIADMKTwitterArmy @CMOTamilNadu @OfficeOfOPS @RamaAIADMKpic.twitter.com/KtjLYe6fa4",
            "timestamp": "2018-08-28 10:10:11",
            "user": "AIADMKITWINGOFL"
        },
        {
            "id": "1034372093008171009",
            "like": "46",
            "replies": "3",
            "retweets": "7",
            "text": "\u0b95\u0bc7\u0bb0\u0bb3 \u0bb5\u0bc6\u0bb3\u0bcd\u0bb3 \u0ba8\u0bbf\u0bb5\u0bbe\u0bb0\u0ba3\u0ba4\u0bcd\u0ba4\u0bbf\u0bb1\u0bcd\u0b95\u0bc1 \u0ba4\u0bae\u0bbf\u0bb4\u0b95 \u0b85\u0bb0\u0b9a\u0bc1 \u0b8a\u0bb4\u0bbf\u0baf\u0bb0\u0bcd\u0b95\u0bb3\u0bcd \u0bae\u0bb1\u0bcd\u0bb1\u0bc1\u0bae\u0bcd \u0b86\u0b9a\u0bbf\u0bb0\u0bbf\u0baf\u0bb0\u0bcd\u0b95\u0bb3\u0bcd \u0ba4\u0b99\u0bcd\u0b95\u0bb3\u0ba4\u0bc1 \u0b92\u0bb0\u0bc1 \u0ba8\u0bbe\u0bb3\u0bcd \u0b9a\u0bae\u0bcd\u0baa\u0bb3\u0ba4\u0bcd\u0ba4\u0bc8 \u0bb5\u0bb4\u0b99\u0bcd\u0b95\u0bbf\u0ba9\u0bb0\u0bcd\n#KeralaFloods | #TNGovt | #GovtStaff | #FloodRelief pic.twitter.com/bXHjs8dTAz",
            "timestamp": "2018-08-28 09:28:19",
            "user": "ThanthiTV"
        },
        {
            "id": "1034356362027757568",
            "like": "21",
            "replies": "0",
            "retweets": "5",
            "text": "\u0b95\u0bca\u0bb3\u0bcd\u0bb3\u0bbf\u0b9f\u0bae\u0bcd \u0b86\u0bb1\u0bcd\u0bb1\u0bbf\u0bb2\u0bcd \u0ba4\u0bbf\u0bb1\u0b95\u0bcd\u0b95\u0baa\u0bcd\u0baa\u0b9f\u0bcd\u0b9f \u0b89\u0baa\u0bb0\u0bbf\u0ba8\u0bc0\u0bb0\u0bbe\u0bb2\u0bcd \u0baa\u0bbe\u0ba4\u0bbf\u0b95\u0bcd\u0b95\u0baa\u0b9f\u0bcd\u0b9f \u0bae\u0b95\u0bcd\u0b95\u0bb3\u0bc1\u0b95\u0bcd\u0b95\u0bc1 \u0baa\u0bbe\u0ba4\u0bc1\u0b95\u0bbe\u0baa\u0bcd\u0baa\u0bbe\u0ba9 \u0bb5\u0bc0\u0b9f\u0bc1\u0b95\u0bb3\u0bcd \u0b95\u0b9f\u0bcd\u0b9f\u0bbf \u0ba4\u0bb0\u0baa\u0bcd\u0baa\u0b9f\u0bc1\u0bae\u0bcd #floodrelief #tamilnadu #AIADMKTwitterArmy @CMOTamilNadu @OfficeOfOPS @OSManianofl @RamaAIADMKpic.twitter.com/GF6MPKArbd",
            "timestamp": "2018-08-28 08:25:48",
            "user": "AIADMKITWINGOFL"
        },
        {
            "id": "1034027744336592896",
            "like": "105",
            "replies": "1",
            "retweets": "10",
            "text": "\u0b95\u0bc7\u0bb0\u0bb3 \u0bb5\u0bc6\u0bb3\u0bcd\u0bb3 \u0ba8\u0bbf\u0bb5\u0bbe\u0bb0\u0ba3\u0ba4\u0bcd\u0ba4\u0bbf\u0bb1\u0bcd\u0b95\u0bc1 \u0ba4\u0bbf\u0bb0\u0bc8\u0baa\u0bcd\u0baa\u0b9f \u0b9a\u0ba3\u0bcd\u0b9f\u0bc8 \u0b87\u0baf\u0b95\u0bcd\u0b95\u0bc1\u0ba9\u0bb0\u0bcd \u0b9a\u0bbf\u0bb2\u0bcd\u0bb5\u0bbe \u0bb0\u0bc2.5 \u0bb2\u0b9f\u0bcd\u0b9a\u0bae\u0bcd \u0ba8\u0bbf\u0ba4\u0bbf\u0baf\u0bc1\u0ba4\u0bb5\u0bbf.\n#KeralaFloods | #FloodRelief | #StuntSilvapic.twitter.com/cyW0xSbpev",
            "timestamp": "2018-08-27 10:40:00",
            "user": "ThanthiTV"
        },
        {
            "id": "1033929299827425281",
            "like": "21",
            "replies": "3",
            "retweets": "26",
            "text": "Surprising: RSS/ BJP workers cleaning cpm office in flood affected areas in Chenganur, Pattanamthitta in Kerala. The state has been witnessing the political murders between the two rivals, but now the recent flood sow the seeds of good will ! #cpm #floodrelief\n@BJP4India @RSSorgpic.twitter.com/v9WyVPJiAt",
            "timestamp": "2018-08-27 04:08:49",
            "user": "indsamachar"
        },
        {
            "id": "1033316959624949760",
            "like": "118",
            "replies": "2",
            "retweets": "20",
            "text": "\u0b95\u0bc7\u0bb0\u0bb3\u0bbe\u0bb5\u0bc1\u0b95\u0bcd\u0b95\u0bc1 \u0bb5\u0bc6\u0bb3\u0bcd\u0bb3 \u0ba8\u0bbf\u0bb5\u0bbe\u0bb0\u0ba3 \u0ba8\u0bbf\u0ba4\u0bbf\u0baf\u0bbe\u0b95 \u0bb0\u0bc2.1 \u0b95\u0bcb\u0b9f\u0bbf\u0baf\u0bc8 \u0bae\u0bc1\u0ba4\u0bb2\u0bcd\u0bb5\u0bb0\u0bcd \u0baa\u0bbf\u0ba9\u0bb0\u0bbe\u0baf\u0bbf \u0bb5\u0bbf\u0b9c\u0baf\u0ba9\u0bbf\u0b9f\u0bae\u0bcd \u0bb5\u0bb4\u0b99\u0bcd\u0b95\u0bbf\u0ba9\u0bbe\u0bb0\u0bcd \u0ba8\u0b9f\u0bbf\u0b95\u0bb0\u0bcd \u0bb2\u0bbe\u0bb0\u0ba9\u0bcd\u0bb8\u0bcd.\n #KeralaFloods #FloodRelief #RaghavaLawrence #PinarayiVijayanpic.twitter.com/g0IKN21FG9",
            "timestamp": "2018-08-25 11:35:35",
            "user": "ThanthiTV"
        },
        {
            "id": "1033311569701089280",
            "like": "547",
            "replies": "10",
            "retweets": "78",
            "text": "\u0b95\u0bc7\u0bb0\u0bb3\u0bbe\u0bb5\u0bc1\u0b95\u0bcd\u0b95\u0bc1 \u0bb5\u0bc6\u0bb3\u0bcd\u0bb3 \u0ba8\u0bbf\u0bb5\u0bbe\u0bb0\u0ba3 \u0ba8\u0bbf\u0ba4\u0bbf\u0baf\u0bbe\u0b95 \u0bb0\u0bc2.1 \u0b95\u0bcb\u0b9f\u0bbf\u0baf\u0bc8 \u0bae\u0bc1\u0ba4\u0bb2\u0bcd\u0bb5\u0bb0\u0bcd \u0baa\u0bbf\u0ba9\u0bb0\u0bbe\u0baf\u0bbf \u0bb5\u0bbf\u0b9c\u0baf\u0ba9\u0bbf\u0b9f\u0bae\u0bcd \u0bb5\u0bb4\u0b99\u0bcd\u0b95\u0bbf\u0ba9\u0bbe\u0bb0\u0bcd \u0ba8\u0b9f\u0bbf\u0b95\u0bb0\u0bcd \u0bb2\u0bbe\u0bb0\u0ba9\u0bcd\u0bb8\u0bcd.\n #KeralaFloods #FloodRelief #RaghavaLawrencepic.twitter.com/PZEnAtginz",
            "timestamp": "2018-08-25 11:14:10",
            "user": "ThanthiTV"
        },
        {
            "id": "1033229189866868737",
            "like": "25",
            "replies": "3",
            "retweets": "5",
            "text": "\u0b95\u0bc7\u0bb0\u0bb3 \u0bb5\u0bc6\u0bb3\u0bcd\u0bb3 \u0ba8\u0bbf\u0bb5\u0bbe\u0bb0\u0ba3\u0ba4\u0bcd\u0ba4\u0bbf\u0bb1\u0bcd\u0b95\u0bc1 \u0bae\u0ba4\u0bbf\u0bae\u0bc1\u0b95 \u0b9a\u0bbe\u0bb0\u0bcd\u0baa\u0bbf\u0bb2\u0bcd \u0bb0\u0bc2.10 \u0bb2\u0b9f\u0bcd\u0b9a\u0bae\u0bcd \u0ba8\u0bbf\u0ba4\u0bbf\u0baf\u0bc1\u0ba4\u0bb5\u0bbf \u0bb5\u0bb4\u0b99\u0bcd\u0b95\u0baa\u0bcd\u0baa\u0b9f\u0bc1\u0bae\u0bcd - \u0bb5\u0bc8\u0b95\u0bcb \u0b85\u0bb1\u0bbf\u0bb5\u0bbf\u0baa\u0bcd\u0baa\u0bc1 \n#KeralaFloods #FloodRelief #Vaikopic.twitter.com/CSZMTxem25",
            "timestamp": "2018-08-25 05:46:49",
            "user": "ThanthiTV"
        },
        {
            "id": "1032634288947089408",
            "like": "120",
            "replies": "0",
            "retweets": "21",
            "text": "Thank you @Indigo6e for helping us over the last couple of days in airlifting the emergency materials for #FloodRelief.",
            "timestamp": "2018-08-23 14:22:54",
            "user": "BLRAirport"
        },
        {
            "id": "1032551606829699074",
            "like": "24",
            "replies": "0",
            "retweets": "6",
            "text": "#KeralaFloods2018: @ShashiTharoor held 'high-level talks' with #UN officials in Geneva on relief aid, presents suggestions to govt. #keralaaidpolitics #KeralaFloodRelief #KeralaFloodRescue #FloodRelief #KeralaFloodhttps://www.molitics.in/news/80324/tharoor-apprised-situation-of-flood-in-kerala--to-un-agencies?uts=twitter&utm=170178300281\u00a0\u2026",
            "timestamp": "2018-08-23 08:54:21",
            "user": "moliticsindia"
        },
        {
            "id": "1032551280567173120",
            "like": "97",
            "replies": "0",
            "retweets": "9",
            "text": "\u0b95\u0bc7\u0bb0\u0bb3\u0bbe \u0bb5\u0bc6\u0bb3\u0bcd\u0bb3 \u0ba8\u0bbf\u0bb5\u0bbe\u0bb0\u0ba3\u0ba4\u0bcd\u0ba4\u0bbf\u0bb1\u0bcd\u0b95\u0bc1 \u0bb2\u0bc8\u0b95\u0bbe \u0ba8\u0bbf\u0bb1\u0bc1\u0bb5\u0ba9\u0bae\u0bcd \u0bb0\u0bc2.1 \u0b95\u0bcb\u0b9f\u0bbf \u0ba8\u0bbf\u0ba4\u0bbf\u0baf\u0bc1\u0ba4\u0bb5\u0bbf \u0b85\u0bb1\u0bbf\u0bb5\u0bbf\u0baa\u0bcd\u0baa\u0bc1\n#KeralaFloods | #Lyca | #FloodRelief pic.twitter.com/StDE97lJnt",
            "timestamp": "2018-08-23 08:53:03",
            "user": "ThanthiTV"
        },
        {
            "id": "1032520937860677632",
            "like": "27",
            "replies": "2",
            "retweets": "6",
            "text": "#KeralaFloods: #India decision to decline #UAE aid for #FloodRelief draws criticism  http://bit.ly/2w5Qbaw\u00a0pic.twitter.com/8gltJlOELT",
            "timestamp": "2018-08-23 06:52:29",
            "user": "khaleejtimes"
        },
        {
            "id": "880068898720161793",
            "like": "26",
            "replies": "2",
            "retweets": "13",
            "text": "CM also told that 24/7 control rooms will be readied in every taluks, #FloodRelief centres will be opened wherever necessary. #Kerala",
            "timestamp": "2017-06-28 14:22:31",
            "user": "CMOKerala"
        },
        {
            "id": "872078830248251392",
            "like": "26",
            "replies": "1",
            "retweets": "29",
            "text": "#FloodReliefLKA from local politicians \n\nCartoon by @awanthaartigala\n#lka #SriLanka #FloodSL #FloodRelief pic.twitter.com/HqMsgVwhWL",
            "timestamp": "2017-06-06 13:12:50",
            "user": "cartoonlka"
        },
        {
            "id": "871049251106824194",
            "like": "63",
            "replies": "0",
            "retweets": "12",
            "text": "\u0d85\u0dbd\u0dd4\u0dad\u0dd2\u0db1\u0dca \u0dc4\u0db8\u0dca\u0db6\u0dd4\u0db1 \u0db4\u0ddc\u0dad\u0dca \u0daf\u0dd2\u0dc4\u0dcf \u0db6\u0dbd\u0db1 \u0db4\u0ddc\u0da9\u0dca\u0da9\u0dd2 \n#FloodRelief #FloodReliefLKA #\u0d9a\u0dad\u0dcf\u0d9a\u0dbb\u0db1\u0db4\u0dd2\u0db1\u0dca\u0dad\u0dd6\u0dbb http://ift.tt/2qScJpL\u00a0pic.twitter.com/MYOBSMN2w2",
            "timestamp": "2017-06-03 17:01:39",
            "user": "ranukad"
        },
        {
            "id": "870991617330618368",
            "like": "22",
            "replies": "1",
            "retweets": "8",
            "text": "NOW-'in Ratnapura with #SriLanka opposition leader #Sambanthan #FloodRelief #FloodSL (preparing for next steps) #TNA @TNAmediaoffice #lkapic.twitter.com/KYZx204I3V",
            "timestamp": "2017-06-03 13:12:38",
            "user": "rbathiudeen"
        },
        {
            "id": "870875259217604610",
            "like": "10",
            "replies": "0",
            "retweets": "13",
            "text": "First phase of the @IMCD_official's #FloodRelief program is over.\n\nPlease direct dry ration donations to Rathmalana Air Force Camp.\n#FloodSLpic.twitter.com/ilR3j27coA",
            "timestamp": "2017-06-03 05:30:16",
            "user": "KawdaBoy"
        },
        {
            "id": "870447284735049728",
            "like": "16",
            "replies": "0",
            "retweets": "18",
            "text": "No new vehicles for Ministers.\n\nCartoon by Gihan de Chickera \n\n#lka #SriLanka #SriLankaFloods #FloodSL #FloodReliefLKA #FloodRelief pic.twitter.com/5MQa91LHEM",
            "timestamp": "2017-06-02 01:09:39",
            "user": "cartoonlka"
        },
        {
            "id": "870160021321011202",
            "like": "3",
            "replies": "0",
            "retweets": "13",
            "text": "Urgent: Voice Foundation urgently need sugar for #FloodSL victims. Call Akash  0772512374 to contribute.\n#LKA #SriLanka #FloodRelief",
            "timestamp": "2017-06-01 06:08:10",
            "user": "munza14"
        },
        {
            "id": "870154604453011457",
            "like": "12",
            "replies": "1",
            "retweets": "18",
            "text": "While the nation is in disaster.\n\nCartoon by Namal Amarasinghe \n\n#lka #SriLanka #FloodSL #SriLankaFloods #FloodRelief #FloodReliefLKApic.twitter.com/HDEyMHQq6c",
            "timestamp": "2017-06-01 05:46:39",
            "user": "cartoonlka"
        },
        {
            "id": "869795625528852480",
            "like": "32",
            "replies": "0",
            "retweets": "31",
            "text": "TV channels race to rescue the #FloodSL victims.\n\nCartoon by Namal Amarasinghe \n\n#lka #SriLanka #SriLankaFloods #FloodRelief #FloodReliefLKApic.twitter.com/QDjl12iD2g",
            "timestamp": "2017-05-31 06:00:11",
            "user": "cartoonlka"
        },
        {
            "id": "869610362810777600",
            "like": "95",
            "replies": "0",
            "retweets": "37",
            "text": "\u0d85\u0da9\u0ddd \u0d87\u0dc3\u0dca \u0dc0\u0dbd\u0da7 \u0d9a\u0db3\u0dd4\u0dc5\u0dd4 \u0d86\u0dc0\u0dcf \u0db6\u0d82.  \u0db8\u0dda \u0db8\u0db1\u0dd4\u0dc3\u0dca\u0dc3\u0dba\u0da7 \u0db4\u0dd4\u0dbd\u0dd4\u0dc0\u0db1\u0dca \u0dc4\u0dd0\u0da7\u0dd2\u0dba\u0da7  \u0d9a\u0dbb\u0db1 \u0d8b\u0daf\u0dc0\u0dca\u0dc0 \u0d9a\u0ddc\u0da0\u0dca\u0da0\u0dbb \u0dc0\u0da7\u0dd2\u0db1\u0dc0\u0daf? \n\u0db8\u0db1\u0dd4\u0dc3\u0dca\u0dc3\u0d9a\u0db8 \u0d9c\u0dd0\u0db1 \u0d9a\u0dd2\u0dba\u0db1\u0dca\u0db1 \u0dc0\u0da0\u0db1 \u0db1\u0dd1. #FloodSL #FloodRelief pic.twitter.com/sVJMUFCVB8",
            "timestamp": "2017-05-30 17:44:01",
            "user": "itzJambole"
        },
        {
            "id": "869583452655329280",
            "like": "17",
            "replies": "1",
            "retweets": "11",
            "text": "\u0db8\u0dda\u0d9a \u0d87\u0dad\u0dca\u0dad \u0dc0\u0dd9\u0db1\u0dca\u0db1 \u0db4\u0dd4\u0dbd\u0dd4\u0dc0\u0db1\u0dca. \u0d91\u0dc4\u0dd9\u0db1\u0db8\u0dca \u0dc4\u0dd9\u0da7 \u0db6\u0dad\u0dca \u0db4\u0dd0\u0d9a\u0da7\u0dca \u0d9c\u0dda\u0db1\u0dca\u0db1 \u0d91\u0db4\u0dcf. #FloodSL #FloodRelief pic.twitter.com/3kHJa7rXy9",
            "timestamp": "2017-05-30 15:57:05",
            "user": "itzJambole"
        },
        {
            "id": "869515131264278530",
            "like": "38",
            "replies": "9",
            "retweets": "19",
            "text": "#Israel provides emergency #FloodRelief supplies 2 #SriLanka & amb. @danielocarmon presents letter from @PresidentRuvi expressing solidaritypic.twitter.com/RsDHYeQVTC",
            "timestamp": "2017-05-30 11:25:36",
            "user": "Avigailcjm"
        },
        {
            "id": "869429021288824832",
            "like": "5",
            "replies": "0",
            "retweets": "15",
            "text": "Response from Disaster Management.\n\nCartoon by @awanthaartigala\n#lka #SriLanka #SriLankaFloods #FloodSL #FloodRelief #FloodReliefLKApic.twitter.com/C6BeTnMFUM",
            "timestamp": "2017-05-30 05:43:26",
            "user": "cartoonlka"
        },
        {
            "id": "869412622071758848",
            "like": "11",
            "replies": "1",
            "retweets": "11",
            "text": "Chief Priest of Temple helped to do the #Ifthar inside Temple during the #FloodRelief work via @royalsaajid #lka #SriLanka #AntiRacisamSLpic.twitter.com/G2IkLQU4FI",
            "timestamp": "2017-05-30 04:38:16",
            "user": "Vidiyallk"
        },
        {
            "id": "869397055667490817",
            "like": "11",
            "replies": "0",
            "retweets": "11",
            "text": "Donate your lunch packet for the flood victims. Maradana station entrances and platform 6. #FloodSL #FloodRelief pic.twitter.com/17aqJgBZcT",
            "timestamp": "2017-05-30 03:36:25",
            "user": "kattasambal"
        },
        {
            "id": "869357457386164225",
            "like": "17",
            "replies": "1",
            "retweets": "27",
            "text": "Publicity over #FloodRelief\n#lka #SriLanka #FloodReliefLKA #FloodSL #SriLankaFloodspic.twitter.com/4Q7rUwJVQ0",
            "timestamp": "2017-05-30 00:59:04",
            "user": "cartoonlka"
        },
        {
            "id": "869262067001421824",
            "like": "29",
            "replies": "1",
            "retweets": "23",
            "text": "#lka #SriLanka goes from worst #drought to worst #FloodSL\n\nCartoon by Gihan de Chickera \n\n#SriLankaFloods #FloodRelief #FloodReliefLKApic.twitter.com/3Cnk841dxf",
            "timestamp": "2017-05-29 18:40:01",
            "user": "cartoonlka"
        },
        {
            "id": "869098415195541505",
            "like": "18",
            "replies": "0",
            "retweets": "11",
            "text": "Medicines in need for the people affected by floods. #FloodSL #FloodRelief pic.twitter.com/tFvaKAlrvd",
            "timestamp": "2017-05-29 07:49:43",
            "user": "amani_faizal"
        },
        {
            "id": "869076220314505216",
            "like": "30",
            "replies": "10",
            "retweets": "24",
            "text": "Surely, highly profitable @dialoglk can absorb \"12% service charge\"? \nWHY must telco profit from public donations for #FloodSL #FloodRelief? https://twitter.com/UNICEF_SriLanka/status/869068030822670337\u00a0\u2026",
            "timestamp": "2017-05-29 06:21:32",
            "user": "NalakaG"
        },
        {
            "id": "869066659507654656",
            "like": "8",
            "replies": "1",
            "retweets": "23",
            "text": "Most important priority in this tragic situation.\n\nCartoon by Awantha Artigala \n\n#lka #SriLanka #FloodSL #SriLankaFloods #FloodRelief pic.twitter.com/GvyJrzlo03",
            "timestamp": "2017-05-29 05:43:32",
            "user": "cartoonlka"
        },
        {
            "id": "869049058781929472",
            "like": "75",
            "replies": "0",
            "retweets": "29",
            "text": "Never judge a book by its cover \n#FloodSL #FloodRelief #SriLankapic.twitter.com/X0LPcgE5uX",
            "timestamp": "2017-05-29 04:33:36",
            "user": "ranukad"
        },
        {
            "id": "869048661161820160",
            "like": "7",
            "replies": "0",
            "retweets": "27",
            "text": "These are the URGENT NEEDS for @IMCD_official collection point today. #FloodSL #FloodRelief pic.twitter.com/igBROdCsar",
            "timestamp": "2017-05-29 04:32:01",
            "user": "KawdaBoy"
        },
        {
            "id": "868822561357938690",
            "like": "12",
            "replies": "0",
            "retweets": "22",
            "text": "Need two volunteers to work overnight at disaster management center. Pls call 0713589423 #lka #FloodRelief #FloodSL",
            "timestamp": "2017-05-28 13:33:35",
            "user": "Aye5ha"
        },
        {
            "id": "868795702029074432",
            "like": "7",
            "replies": "1",
            "retweets": "12",
            "text": "\u0dc0\u0dd2\u0db4\u0dad\u0da7 \u0db4\u0dad\u0dca \u0da2\u0db1\u0dad\u0dcf\u0dc0\u0d9c\u0dda \u0dbd\u0dd2\u0d82 \u0d89\u0dc3\u0dd3\u0db8 \u0dc3\u0db3\u0dc4\u0dcf \u0d85\u0dc0\u0dc1\u0dca\u200d\u0dba \u0db8\u0ddd\u0da7\u0dbb\u0dca \u0db1\u0ddc\u0db8\u0dd2\u0dbd\u0dda \u0dbd\u0db6\u0dcf\u0daf\u0dd2\u0dba \u0dc4\u0dd0\u0d9a\u0dd2 \u0d9a\u0dd9\u0db1\u0dd9\u0d9a\u0dca \u0dc3\u0dd2\u0da7\u0dd2\u0db1\u0db8\u0dca \u0daf\u0db1\u0dca\u0dc0\u0db1\u0dca\u0db1 cc @dodan123 #FloodSL #FloodRelief #Lka",
            "timestamp": "2017-05-28 11:46:51",
            "user": "Aye5ha"
        },
        {
            "id": "868795262814126082",
            "like": "12",
            "replies": "0",
            "retweets": "26",
            "text": "Drinking water is a major need in all areas affected by floods. Please RT and help them! #FloodRelief #LKA #FloodSLpic.twitter.com/9vpxWRWCkk",
            "timestamp": "2017-05-28 11:45:06",
            "user": "Aye5ha"
        },
        {
            "id": "868779683436998656",
            "like": "3",
            "replies": "0",
            "retweets": "11",
            "text": "If you're in #Anuradhaphura, and feel like giving a hand...\n#FloodSL #FloodReliefLKA #FloodRelief pic.twitter.com/LVAFexmq3S",
            "timestamp": "2017-05-28 10:43:12",
            "user": "cjs8000"
        },
        {
            "id": "868746855097565184",
            "like": "14",
            "replies": "1",
            "retweets": "16",
            "text": "#FloodRelief Donate Online: https://pat.as/relief\u00a0\nhttp://imcds.org/relief/\u00a0\nContact: 011 424 8220 #Lka #IMCDpic.twitter.com/QZIxxwGZ86",
            "timestamp": "2017-05-28 08:32:45",
            "user": "Aye5ha"
        },
        {
            "id": "868726181893472256",
            "like": "19",
            "replies": "0",
            "retweets": "19",
            "text": "Let's not forget to include Sanitary Napkins in the toiletries. A necessity at times like this. #FloodRelief",
            "timestamp": "2017-05-28 07:10:36",
            "user": "Ayshmarq"
        },
        {
            "id": "868501090915844096",
            "like": "38",
            "replies": "5",
            "retweets": "46",
            "text": "Tweeps who would like to volunteer for #FloodRelief please be ready tomorrow. Will check places to volunteer and inform. #VolunTweepsSL #RT",
            "timestamp": "2017-05-27 16:16:10",
            "user": "KawdaBoy"
        },
        {
            "id": "868333707555332097",
            "like": "27",
            "replies": "0",
            "retweets": "8",
            "text": "#SriLanka FM @RavikOfficial discusses flood situation and inspects relief supplies of #INSKirch at #ColomboPort @IndiainSL #floodrelief pic.twitter.com/9Tks5vM6CW",
            "timestamp": "2017-05-27 05:11:03",
            "user": "EconomicTimes"
        },
        {
            "id": "868322106983034880",
            "like": "666",
            "replies": "24",
            "retweets": "201",
            "text": "FM @RavikOfficial discusses flood situation and inspects crew and relief supplies of INS Kirch at Colombo Port @IndiainSL #lka #floodrelief pic.twitter.com/zilkpIiiEU",
            "timestamp": "2017-05-27 04:24:57",
            "user": "MFA_SriLanka"
        },
        {
            "id": "868314210345697280",
            "like": "6",
            "replies": "0",
            "retweets": "20",
            "text": "Please pass the message to everyone! #FloodRelief for #FloodSL #DisasterReliefLka #WeVolunteerpic.twitter.com/sP01eVp4sm",
            "timestamp": "2017-05-27 03:53:34",
            "user": "IMCD_official"
        },
        {
            "id": "860517626308685824",
            "like": "11",
            "replies": "1",
            "retweets": "13",
            "text": ". @Cardinals are providing 1k vouchers, good for 2 tix to a game, to the first 1k people who donate to @KMOX #FloodRelief www/kmox.com/flood",
            "timestamp": "2017-05-05 15:32:44",
            "user": "KMOXPD"
        },
        {
            "id": "823955919524560897",
            "like": "28",
            "replies": "3",
            "retweets": "20",
            "text": ".@HoustonTX w/ @EdEmmett @GreenDistrictK @EllenCohen1 @_MikeLaster @davidrobinson @DrJackChristie @dwr4hou announce #floodrelief plan pic.twitter.com/iajrMNz7V5",
            "timestamp": "2017-01-24 18:09:34",
            "user": "SylvesterTurner"
        },
        {
            "id": "820650789484003328",
            "like": "454",
            "replies": "9",
            "retweets": "71",
            "text": "Thanks to our friends and partners, Hand of Hope was able to bring relief to Louisiana during last year's flooding. #floodrelief #missionspic.twitter.com/qC7LLmyxqT",
            "timestamp": "2017-01-15 15:16:09",
            "user": "JoyceMeyer"
        },
        {
            "id": "819620943953874944",
            "like": "31",
            "replies": "0",
            "retweets": "8",
            "text": "Knock knock #2YORKS calling reassuring #FloodRelief assistance & warnings in #Lincolnshire tonight.https://twitter.com/BritishArmy/status/819610415810379776\u00a0\u2026",
            "timestamp": "2017-01-12 19:03:55",
            "user": "YORKS_REGT"
        }
    ]
}