{
    "#floodwarning": [
        {
            "id": "272811826302038016",
            "like": "0",
            "replies": "0",
            "retweets": "16",
            "text": "NEWS: A #floodwarning has been issued for the Upper Avon from #Amesbury to #Salisbury @EnvAgencySW",
            "timestamp": "2012-11-25 21:19:42",
            "user": "SpireFM"
        },
        {
            "id": "635643720252022784",
            "like": "24",
            "replies": "2",
            "retweets": "1",
            "text": "All my tears from remembering we start school tomorrow will help our drought #floodwarning",
            "timestamp": "2015-08-24 02:44:07",
            "user": "mfaliano415"
        },
        {
            "id": "635149652174733312",
            "like": "0",
            "replies": "0",
            "retweets": "16",
            "text": "For latest #leeds #floodwarning info visit http://bit.ly/1Ea6L9K\u00a0 localised flooding should be expected. Keep updated, be prepared!",
            "timestamp": "2015-08-22 18:00:52",
            "user": "leedsemergency"
        },
        {
            "id": "630205288625389568",
            "like": "42",
            "replies": "0",
            "retweets": "25",
            "text": "Can't wait 4 Friday @TupeloHigh 2 take the field with #Family 4 the 1st time this year. #themblankets #floodwarning pic.twitter.com/vzhTP9egdy",
            "timestamp": "2015-08-09 02:33:44",
            "user": "coachjbkeith"
        },
        {
            "id": "619279753183391744",
            "like": "8",
            "replies": "0",
            "retweets": "11",
            "text": "After an exciting game with Florence @TupeloHigh finishes day 1 @select7on7 with a record of 5-2. #themblankets #floodwarning",
            "timestamp": "2015-07-09 22:59:33",
            "user": "tupelofootball"
        },
        {
            "id": "611609125194051584",
            "like": "28",
            "replies": "1",
            "retweets": "15",
            "text": "Stay forever strong through this life hurdle, @AshtonWedel25. We love you, bro. #themblankets #FLOODWARNING pic.twitter.com/XwFZwRdlak",
            "timestamp": "2015-06-18 18:59:13",
            "user": "tbradenbishop"
        },
        {
            "id": "611598677140996096",
            "like": "14",
            "replies": "0",
            "retweets": "16",
            "text": "97 players in today to finish out week 3!!!!!   #themblankets #floodwarning pic.twitter.com/URjQSG3abc",
            "timestamp": "2015-06-18 18:17:42",
            "user": "coachHam67"
        },
        {
            "id": "543945920807985152",
            "like": "23",
            "replies": "1",
            "retweets": "6",
            "text": "Will always be my guys!!#floodwarning #themblankets #floodzonepic.twitter.com/U8z1susR3L",
            "timestamp": "2014-12-14 01:49:48",
            "user": "coachHam67"
        },
        {
            "id": "542818558880022529",
            "like": "5",
            "replies": "0",
            "retweets": "13",
            "text": "Know the difference between a #FloodWatch and #FloodWarning? http://hope.ly/1vFiiHK\u00a0 #NorCalStorm #bayareastorm #cawx",
            "timestamp": "2014-12-10 23:10:04",
            "user": "RedCrossBayArea"
        },
        {
            "id": "542424714442846208",
            "like": "11",
            "replies": "0",
            "retweets": "11",
            "text": "Extremely proud of @ntcox58 for being named Offensive Lineman MVP in 1-6A. #themblankets #floodwarning #BigMenLeadTheWay",
            "timestamp": "2014-12-09 21:05:04",
            "user": "coachjbkeith"
        },
        {
            "id": "542424349509050368",
            "like": "12",
            "replies": "1",
            "retweets": "17",
            "text": "Extremely proud of @JustinClifton10 for being named Defensive Player Of the Year in 1-6A. #themblankets #floodwarning",
            "timestamp": "2014-12-09 21:03:37",
            "user": "coachjbkeith"
        },
        {
            "id": "533634443748343808",
            "like": "39",
            "replies": "0",
            "retweets": "27",
            "text": "Proud of our guys!  Battled adversity all year, won with class, lost with dignity.  Seniors go out 21-6, helped start the #floodwarning!",
            "timestamp": "2014-11-15 14:55:40",
            "user": "coachHam67"
        },
        {
            "id": "533465368208347136",
            "like": "27",
            "replies": "0",
            "retweets": "17",
            "text": "I will forever bleed blue and gold! #themblankets #floodwarning #floodzone",
            "timestamp": "2014-11-15 03:43:49",
            "user": "jarviswilson0_7"
        },
        {
            "id": "530938735937224704",
            "like": "8",
            "replies": "3",
            "retweets": "13",
            "text": "Great team win over a very good team tonight! So proud of our guys! Love y'all! #themblankets #Family #floodwarning",
            "timestamp": "2014-11-08 04:23:53",
            "user": "coachjbkeith"
        },
        {
            "id": "530924446543273985",
            "like": "11",
            "replies": "0",
            "retweets": "15",
            "text": "Congrats, @tupelofootball! #themblankets #floodwarning #PLAYOFFS",
            "timestamp": "2014-11-08 03:27:06",
            "user": "TupeloHigh"
        },
        {
            "id": "530444195274964992",
            "like": "21",
            "replies": "1",
            "retweets": "0",
            "text": "I have officially broken out the heely's at college #FloodWarning",
            "timestamp": "2014-11-06 19:38:45",
            "user": "lance_simpson18"
        },
        {
            "id": "525995819720519680",
            "like": "18",
            "replies": "0",
            "retweets": "12",
            "text": "Love watching our kids play their hearts out!  Also love knowing our team GPA is 3.16 for the 1st term!!!! #floodwarning #themblankets",
            "timestamp": "2014-10-25 13:02:30",
            "user": "coachHam67"
        },
        {
            "id": "519048488764854272",
            "like": "3",
            "replies": "1",
            "retweets": "15",
            "text": "Winter approaching - our #floodwarning and #riverlevel data is #opendata. Can you use them? http://goo.gl/0ljwwL\u00a0 #floodaware ^PA",
            "timestamp": "2014-10-06 08:56:17",
            "user": "dataenvagency"
        },
        {
            "id": "884880512082296832",
            "like": "18",
            "replies": "1",
            "retweets": "23",
            "text": "Sen Mi Gotti the Ep #FloodWarning #StripLifepic.twitter.com/jnFAsN4IfN",
            "timestamp": "2017-07-11 21:02:09",
            "user": "cashgotti_sl"
        },
        {
            "id": "884237558758072320",
            "like": "59",
            "replies": "14",
            "retweets": "4",
            "text": "#floodwarning grab a dingy! pic.twitter.com/NKLuae51xn",
            "timestamp": "2017-07-10 02:27:17",
            "user": "imcorinnemec"
        },
        {
            "id": "879134227085873152",
            "like": "34",
            "replies": "0",
            "retweets": "11",
            "text": "7on7 is fun but I'm ready for \"Shoulder Pads and Helmets\"! #FLOODWARNING #themblanketspic.twitter.com/eqcz0ZpKUu",
            "timestamp": "2017-06-26 00:28:27",
            "user": "tupelofootball"
        },
        {
            "id": "875014552064274433",
            "like": "31",
            "replies": "0",
            "retweets": "13",
            "text": "Tupelo Football Presents... \"Body by Jones: Doesn't Happen by Accident\" #floodwarning pic.twitter.com/LKpRdBUii8",
            "timestamp": "2017-06-14 15:38:20",
            "user": "tupelofootball"
        },
        {
            "id": "869954097742585856",
            "like": "39",
            "replies": "0",
            "retweets": "18",
            "text": "Nothing like ending the day with 64s. #floodwarning pic.twitter.com/ZKPiM7fzHM",
            "timestamp": "2017-05-31 16:29:54",
            "user": "tupelofootball"
        },
        {
            "id": "868249752487563264",
            "like": "94",
            "replies": "6",
            "retweets": "25",
            "text": "Think? @20committee and @TheRickWilson have both tweeted about it. Yesterday's NATO speech was the catalyst. #FloodWarning",
            "timestamp": "2017-05-26 23:37:26",
            "user": "cheeseheadlucy"
        },
        {
            "id": "852909495269416961",
            "like": "11",
            "replies": "0",
            "retweets": "12",
            "text": "#FloodWarning for the SE area of Fort Bend County. Brazos Bend SP @TPWDparks likely affected. Via @NWSHoustonpic.twitter.com/2dwUqwN2az",
            "timestamp": "2017-04-14 15:40:44",
            "user": "FBCSO"
        },
        {
            "id": "1039084743965507584",
            "like": "4",
            "replies": "1",
            "retweets": "11",
            "text": "OHIO RIVER FLOODING: Here's a look at the river crests versus what the normal levels are.  Jumps in the river will be dramatic and all parties along the river should be in the final stages of securing vessels and other items. #OhioRiver #RiverFlooding #FloodWarning pic.twitter.com/2p5LZ5dwlu",
            "timestamp": "2018-09-10 09:34:42",
            "user": "bryanweather"
        },
        {
            "id": "1038910599739191298",
            "like": "9",
            "replies": "0",
            "retweets": "12",
            "text": "#Floodwarning and watches have been issued for much of the DC-metro area -- as rain from remainders of #tropicalstormgordon hit the area. Forecasters are still on watch for as Hurricane Florence gains strength.http://bit.ly/2oUOVmR\u00a0",
            "timestamp": "2018-09-09 22:02:43",
            "user": "fox5dc"
        },
        {
            "id": "1029673326623350784",
            "like": "36",
            "replies": "0",
            "retweets": "3",
            "text": "\u0b92\u0b95\u0bc7\u0ba9\u0b95\u0bcd\u0b95\u0bb2\u0bcd \u0b95\u0bbe\u0bb5\u0bbf\u0bb0\u0bbf \u0b86\u0bb1\u0bcd\u0bb1\u0bbf\u0bb2\u0bcd \u0bb5\u0bbf\u0ba9\u0bbe\u0b9f\u0bbf\u0b95\u0bcd\u0b95\u0bc1 \u0b92\u0bb0\u0bc1 \u0bb2\u0b9f\u0bcd\u0b9a\u0ba4\u0bcd\u0ba4\u0bc1 90 \u0b86\u0baf\u0bbf\u0bb0\u0bae\u0bcd \u0b95\u0ba9 \u0b85\u0b9f\u0bbf \u0ba8\u0bc0\u0bb0\u0bcd\u0bb5\u0bb0\u0ba4\u0bcd\u0ba4\u0bc1 - \u0b95\u0bb0\u0bc8\u0baf\u0bcb\u0bb0 \u0bae\u0b95\u0bcd\u0b95\u0bb3\u0bc1\u0b95\u0bcd\u0b95\u0bc1 \u0b8e\u0b9a\u0bcd\u0b9a\u0bb0\u0bbf\u0b95\u0bcd\u0b95\u0bc8 | #Hogenakkal | #FloodWarning http://www.polimernews.com/view/24559\u00a0",
            "timestamp": "2018-08-15 10:17:06",
            "user": "polimernews"
        },
        {
            "id": "1027770679884566528",
            "like": "25",
            "replies": "0",
            "retweets": "6",
            "text": "\u0b95\u0bbe\u0bb5\u0bbf\u0bb0\u0bbf\u0baf\u0bbf\u0bb2\u0bcd \u0b95\u0bc2\u0b9f\u0bc1\u0ba4\u0bb2\u0bcd \u0b89\u0baa\u0bb0\u0bbf\u0ba8\u0bc0\u0bb0\u0bcd \u0ba4\u0bbf\u0bb1\u0baa\u0bcd\u0baa\u0bc1 - \u0b95\u0bb0\u0bc8\u0baf\u0bcb\u0bb0 \u0bae\u0b95\u0bcd\u0b95\u0bb3\u0bc1\u0b95\u0bcd\u0b95\u0bc1 \u0b95\u0bb0\u0bcd\u0ba8\u0bbe\u0b9f\u0b95 \u0b85\u0bb0\u0b9a\u0bc1 \u0bb5\u0bc6\u0bb3\u0bcd\u0bb3 \u0b85\u0baa\u0bbe\u0baf \u0b8e\u0b9a\u0bcd\u0b9a\u0bb0\u0bbf\u0b95\u0bcd\u0b95\u0bc8 | #Karnataka | #FloodWarning http://www.polimernews.com/view/23874\u00a0",
            "timestamp": "2018-08-10 04:16:39",
            "user": "polimernews"
        },
        {
            "id": "1022245408645554178",
            "like": "24",
            "replies": "5",
            "retweets": "2",
            "text": "Hundreds of thousands cell phones just went off. #dcwx #floodwarning pic.twitter.com/Fyq2YLn2e5",
            "timestamp": "2018-07-25 22:21:12",
            "user": "GCarbin"
        },
        {
            "id": "1021918220742086656",
            "like": "65",
            "replies": "0",
            "retweets": "4",
            "text": "\u0bae\u0bc7\u0b9f\u0bcd\u0b9f\u0bc2\u0bb0\u0bcd \u0b85\u0ba3\u0bc8\u0baf\u0bbf\u0bb2\u0bcd \u0b87\u0bb0\u0bc1\u0ba8\u0bcd\u0ba4\u0bc1 \u0b95\u0bc2\u0b9f\u0bc1\u0ba4\u0bb2\u0bcd \u0ba8\u0bc0\u0bb0\u0bcd \u0ba4\u0bbf\u0bb1\u0b95\u0bcd\u0b95\u0baa\u0bcd\u0baa\u0b9f\u0bcd\u0b9f\u0bc1\u0bb3\u0bcd\u0bb3\u0ba4\u0bbe\u0bb2\u0bcd,  \u0b95\u0bb0\u0bc8\u0baf\u0bcb\u0bb0 \u0bae\u0b95\u0bcd\u0b95\u0bb3\u0bc1\u0b95\u0bcd\u0b95\u0bc1 \u0bb5\u0bc6\u0bb3\u0bcd\u0bb3 \u0b85\u0baa\u0bbe\u0baf \u0b8e\u0b9a\u0bcd\u0b9a\u0bb0\u0bbf\u0b95\u0bcd\u0b95\u0bc8... #MetturDam | #FloodWarning\nhttp://polimernews.com/view/21732\u00a0",
            "timestamp": "2018-07-25 00:41:04",
            "user": "polimernews"
        },
        {
            "id": "1021816026755944450",
            "like": "8",
            "replies": "3",
            "retweets": "13",
            "text": "#floodwaters at #KOA campground in Lickdale #PA all #campers have been moved to higher ground #PAwx #flooding #FlashFlood #floodwarning pic.twitter.com/faG5Tt6Fpy https://twitter.com/WGAL8photog_cw/status/1021816000621232129/video/1?utm_source=fb&utm_medium=fb&utm_campaign=WGAL8photog_cw&utm_content=1021816000621232129\u00a0\u2026",
            "timestamp": "2018-07-24 17:54:59",
            "user": "WGAL8photog_cw"
        },
        {
            "id": "703620338056347648",
            "like": "3",
            "replies": "0",
            "retweets": "11",
            "text": "really hope our boys handle business tonight  #floodwarning",
            "timestamp": "2016-02-27 16:38:55",
            "user": "___callmeALEX"
        },
        {
            "id": "688397290579570689",
            "like": "33",
            "replies": "3",
            "retweets": "8",
            "text": "Be Here  #FloodWarning\n@mfnlove , @pnbrock : @boone39 , @northphillymeech Its Bout To Be A Movie pic.twitter.com/HKr09X1EbX",
            "timestamp": "2016-01-16 16:27:58",
            "user": "NextLvlAnt"
        },
        {
            "id": "681239413767172096",
            "like": "34",
            "replies": "1",
            "retweets": "5",
            "text": "No, but I could use it today.\n#FloodWarning https://twitter.com/billhosler/status/681238138824429568\u00a0\u2026",
            "timestamp": "2015-12-27 22:25:07",
            "user": "bobkevoian"
        },
        {
            "id": "680887765920264192",
            "like": "2",
            "replies": "0",
            "retweets": "15",
            "text": "#FloodWarning currently in place on the Mersey Estuary at Westy, Warrington. #StaySafehttp://ow.ly/Wl7xr\u00a0",
            "timestamp": "2015-12-26 23:07:48",
            "user": "cheshirepolice"
        },
        {
            "id": "680724846058287104",
            "like": "2",
            "replies": "1",
            "retweets": "16",
            "text": "Can anyone please help. Sandbags needed for #Helmshore #Rossendale #floodwarning pic.twitter.com/KHaquc1fjr",
            "timestamp": "2015-12-26 12:20:25",
            "user": "julietdemurphy"
        },
        {
            "id": "680678937576517632",
            "like": "2",
            "replies": "1",
            "retweets": "11",
            "text": "#floodwarning #anglesey #gwynedd Just back from The Next sale. Bad flooding just over the Britannia bridge, Tescos roundabout and Cfon road",
            "timestamp": "2015-12-26 09:17:59",
            "user": "islanddwellerjo"
        },
        {
            "id": "467800447106166784",
            "like": "27",
            "replies": "0",
            "retweets": "33",
            "text": "High Waters in Georgetown today. #FloodWarning pic.twitter.com/5KCbUrTrlz",
            "timestamp": "2014-05-17 22:54:52",
            "user": "DMVFollowers"
        },
        {
            "id": "467789064109043712",
            "like": "5",
            "replies": "0",
            "retweets": "20",
            "text": "RT @philliefan_99: High water in Georgetown\u2019s usual spots. #potomac #floodwarning pic.twitter.com/JB6lOdL6tb",
            "timestamp": "2014-05-17 22:09:38",
            "user": "capitalweather"
        },
        {
            "id": "467783543083397120",
            "like": "21",
            "replies": "2",
            "retweets": "2",
            "text": "#floodwarning  pic.twitter.com/INyk1sP4Qz",
            "timestamp": "2014-05-17 21:47:42",
            "user": "Showgirltyler"
        },
        {
            "id": "465968223197077505",
            "like": "11",
            "replies": "2",
            "retweets": "12",
            "text": "Over 2 inches of rain in 30mins, crazy! #clewx #ohwx #FloodWarning #LorainWx @weatherchannel @JimCantorepic.twitter.com/dW9TpV9plq",
            "timestamp": "2014-05-12 21:34:16",
            "user": "TimLGamble"
        },
        {
            "id": "461818733338824704",
            "like": "9",
            "replies": "5",
            "retweets": "22",
            "text": "Rain Totals: NYC 5.12\" Newark 5.35\" Caldwell 3.38\" Belmar 3.58\" Islip 2.62\" Bridgeport 3.87\" Danbury 2.65\" White Plains 4.01\" #FloodWarning",
            "timestamp": "2014-05-01 10:45:40",
            "user": "LeeGoldbergABC7"
        },
        {
            "id": "967427679929630721",
            "like": "367",
            "replies": "9",
            "retweets": "115",
            "text": "Always be prepared.  #FloodWarning #OhioRiverpic.twitter.com/qlHRHsWmtX",
            "timestamp": "2018-02-24 15:55:07",
            "user": "CincyProblems"
        },
        {
            "id": "966791734918344713",
            "like": "7",
            "replies": "0",
            "retweets": "11",
            "text": "The ice jam in Brantford has begun to move, sending ice & debris downstream. @HaldEmerg continues monitor its flow for any potential impacts. Read the latest #floodwarning update here: http://bit.ly/2o4H8ms\u00a0.pic.twitter.com/at3LQKOttF",
            "timestamp": "2018-02-22 21:48:06",
            "user": "HaldimandCounty"
        },
        {
            "id": "966762285254443008",
            "like": "10",
            "replies": "0",
            "retweets": "29",
            "text": "Please #RETWEEET \n\nUse #CKFLOOD2018 to follow the updates \n\n#ckont is currently under a #FLOODWARNING issued by the @LTVCA & @SCRCA_water\n\nOfficials are meeting again at 6pm tonight. More details to come. \n\n#BePrepared VISIT: http://www.ckfire.com\u00a0pic.twitter.com/SZI70KLHpo",
            "timestamp": "2018-02-22 19:51:05",
            "user": "ckfiredept"
        },
        {
            "id": "966690096597557250",
            "like": "6",
            "replies": "0",
            "retweets": "11",
            "text": ".@HaldEmerg were out performing river checks throughout the night & will continue to monitor water levels today in cooperation with @grandriverca. Read the latest update & view current road closures here: http://bit.ly/2o4H8ms\u00a0. #onstorm #floodwarning pic.twitter.com/oYKzw4z96A",
            "timestamp": "2018-02-22 15:04:13",
            "user": "HaldimandCounty"
        },
        {
            "id": "966506587534888967",
            "like": "27",
            "replies": "0",
            "retweets": "2",
            "text": "Check out the flooding!!!!! @CHCHNews @CHCHTV @BurlingtonPost @TheSpec @cityofhamilton @cable14 @globalnewsto @TorontoStar @TODAYshow @TheEllenShow #flood #Flooding #FloodWarning #Brantfordflood #Brantfordhttps://twitter.com/RealRiddimRyder/status/966497987080933377\u00a0\u2026",
            "timestamp": "2018-02-22 02:55:01",
            "user": "CarloPaolozza"
        },
        {
            "id": "966319475569065984",
            "like": "5",
            "replies": "0",
            "retweets": "16",
            "text": "#FloodWarning - Rivers & streams are already flowing high and the forecasted rainfall will make them higher & crest their banks. Significant flooding is imminent in low lying areas of the watershed due to the heavy rainfall & melting snow pack. http://www.lsrca.on.ca/Pages/flood.aspx\u00a0\u2026pic.twitter.com/CZ4vjXfRDK",
            "timestamp": "2018-02-21 14:31:30",
            "user": "LSRCA"
        },
        {
            "id": "965989626996387840",
            "like": "16",
            "replies": "0",
            "retweets": "15",
            "text": ".@HaldEmerg personnel & @grandriverca are actively monitoring water conditions throughout the #floodwarning. The @CCG_GCC ice breaker is currently 2km offshore in Port Maitland breaking up lake ice; it will move into the Grand later today. #onstormpic.twitter.com/8Q6PhbYos4",
            "timestamp": "2018-02-20 16:40:48",
            "user": "HaldimandCounty"
        },
        {
            "id": "965748532698165248",
            "like": "20",
            "replies": "0",
            "retweets": "21",
            "text": "City staff continue to work with @grandriverca to monitor water levels.  Public works & fire officials will be patrolling at-risk areas overnight. We are prepared and ready to respond as needed. For info & updates: http://cambridge.ca/flood\u00a0 #floodready #StaySafe #floodwarning pic.twitter.com/hwD2cfTAWK",
            "timestamp": "2018-02-20 00:42:47",
            "user": "cityofcambridge"
        },
        {
            "id": "965622271682465792",
            "like": "18",
            "replies": "0",
            "retweets": "17",
            "text": "Our fire officials were knocking on doors this weekend to advise residents in at- risk areas about the #floodwarning from @grandriverca and how to be prepared in advance. Thanks @martaczurCTV for helping spread the word. Info & updates here:  http://www.cambridge.ca/flooding\u00a0 #staysafepic.twitter.com/3RcuKHfqeY",
            "timestamp": "2018-02-19 16:21:04",
            "user": "cityofcambridge"
        },
        {
            "id": "963612383355789313",
            "like": "22",
            "replies": "0",
            "retweets": "3",
            "text": "Sweetwater Lady Cats finish their regular season (senior night) on a high note as they come out on top against Knox Ambassadors tonight. #floodscoming #floodwarning #Sweetwater #LadyCats #theDen #tourneyready",
            "timestamp": "2018-02-14 03:14:29",
            "user": "hmgibson23"
        },
        {
            "id": "801245841142878212",
            "like": "0",
            "replies": "0",
            "retweets": "13",
            "text": "\u3010\u66f4\u65b0\u3011\u300a\u54c8\u5229\u6ce2\u7279\u300b\u77f3\u5167\u535c\u624d\u65b0\u5a5a\u5a36\u521d\u6200\u4eca\u75c5\u901d #floodwarning # #EnvironmentAgency... http://dlvr.it/Mk7QWj\u00a0",
            "timestamp": "2016-11-23 02:07:49",
            "user": "8rend"
        },
        {
            "id": "801187649813823488",
            "like": "1",
            "replies": "0",
            "retweets": "13",
            "text": "\u3010\u66f4\u65b0\u3011\u300a\u54c8\u5229\u6ce2\u7279\u300b\u77f3\u5167\u535c\u624d\u65b0\u5a5a\u5a36\u521d\u6200\u4eca\u75c5\u901d #floodwarning #EnvironmentAgency... http://dlvr.it/Mk4cfv\u00a0 #floodwarning #EnvironmentAgency",
            "timestamp": "2016-11-22 22:16:35",
            "user": "anvvnan"
        },
        {
            "id": "801082357151199232",
            "like": "0",
            "replies": "0",
            "retweets": "41",
            "text": "\u3010\u66f4\u65b0\u3011\u300a\u54c8\u5229\u6ce2\u7279\u300b\u77f3\u5167\u535c\u624d\u65b0\u5a5a\u5a36\u521d\u6200\u4eca\u75c5\u901d #floodwarning #EnvironmentAgencyissuesnewFloodAlertforNorthumberland #EnvironmentAgency\u2026 http://dlvr.it/Mjy3bB\u00a0",
            "timestamp": "2016-11-22 15:18:11",
            "user": "boturbotrader"
        },
        {
            "id": "801012918959509505",
            "like": "0",
            "replies": "0",
            "retweets": "11",
            "text": "\u3010\u66f4\u65b0\u3011\u300a\u54c8\u5229\u6ce2\u7279\u300b\u77f3\u5167\u535c\u624d\u65b0\u5a5a\u5a36\u521d\u6200\u4eca\u75c5\u901d #floodwarning #EnvironmentAgency #EnvironmentAgency\u2026 http://dlvr.it/MjsKnp\u00a0 #floodwarningEnvironmentAgency",
            "timestamp": "2016-11-22 10:42:16",
            "user": "madeli_ne_d"
        },
        {
            "id": "800767550137110531",
            "like": "12",
            "replies": "2",
            "retweets": "23",
            "text": "One day of rain and run-off from the moors has turned Keighley Rd to a river. Landowners need to be accountable #floodwarning #HebdenBridgepic.twitter.com/Dl0uTJZ7SC",
            "timestamp": "2016-11-21 18:27:16",
            "user": "bookcasehebden"
        },
        {
            "id": "787661948015874048",
            "like": "27",
            "replies": "0",
            "retweets": "1",
            "text": "10.15.16 #floodwarning pic.twitter.com/tYIHdVvKQo",
            "timestamp": "2016-10-16 14:30:17",
            "user": "savanna_yocca"
        },
        {
            "id": "787275038617731073",
            "like": "26",
            "replies": "1",
            "retweets": "0",
            "text": "TODAY IS THE DAY #FLOODWARNING",
            "timestamp": "2016-10-15 12:52:50",
            "user": "OfficialAFlood"
        },
        {
            "id": "784213389815848960",
            "like": "3",
            "replies": "0",
            "retweets": "11",
            "text": "#SeminoleCounty is now under a #FloodWarning. 8.5\" of rain in Sanford so far.  #HurricaneMatthew #MatthewAlert More: http://bit.ly/2dWHrNk\u00a0pic.twitter.com/5kjJRfwDUd",
            "timestamp": "2016-10-07 02:06:56",
            "user": "xl1067"
        },
        {
            "id": "781806183334174720",
            "like": "21",
            "replies": "4",
            "retweets": "4",
            "text": "Goood morning!! It's windy & rainy this AM w/ more to come #earlyrisers #floodwarning pic.twitter.com/E1k81sPRO9",
            "timestamp": "2016-09-30 10:41:34",
            "user": "JennaWils"
        },
        {
            "id": "774631518970998785",
            "like": "106",
            "replies": "1",
            "retweets": "36",
            "text": "THIS IS ABSOLUTELY WHAT IT'S ALL ABOUT, Y'ALL!\n\nPRIDE IS FOREVER AND EVER!\n\n#FLOODWARNING\n#FLOODZONE\n#THEMBLANKETSpic.twitter.com/jYq9ttfApR",
            "timestamp": "2016-09-10 15:32:00",
            "user": "themblankets"
        },
        {
            "id": "774273616175398912",
            "like": "0",
            "replies": "1",
            "retweets": "13",
            "text": "#FloodAlerts in force for #Cumbria due to heavy rain o/n. Not expecting to get to #FloodWarning level. @EnvAgencyNWpic.twitter.com/kGlsprL78Y",
            "timestamp": "2016-09-09 15:49:50",
            "user": "AndynBrown16"
        },
        {
            "id": "218313723746586625",
            "like": "0",
            "replies": "1",
            "retweets": "21",
            "text": "An @EnvAgency #FloodWarning means flooding is expected and action is required. There are now 7 in the midlands region. http://www.environment-agency.gov.uk/homeandleisure/floods/34678.aspx?type=Region&term=Midlands&Severity=2\u00a0\u2026",
            "timestamp": "2012-06-28 12:03:42",
            "user": "TheAA_Patrol"
        },
        {
            "id": "198710364127510528",
            "like": "1",
            "replies": "0",
            "retweets": "22",
            "text": "#FLOODWARNING  issued SPREAD THE WORD http://www.facebook.com/media/set/?set=a.353849001341080.82055.104561442936505&type=1\u00a0\u2026 cc @AnneKiguta @TerryAnneChebet @Ramah_Nyang @KoingangeJeff",
            "timestamp": "2012-05-05 09:46:57",
            "user": "KenyaRedCross"
        },
        {
            "id": "198704740543111168",
            "like": "0",
            "replies": "2",
            "retweets": "59",
            "text": "#FLOODWARNING issued: Kindaruma & Masinga Dams FULL Pse RT  http://www.facebook.com/media/set/?set=a.353849001341080.82055.104561442936505&type=1\u00a0\u2026 http://twitpic.com/9hj230\u00a0",
            "timestamp": "2012-05-05 09:24:36",
            "user": "KenyaRedCross"
        },
        {
            "id": "198703756001558528",
            "like": "1",
            "replies": "4",
            "retweets": "45",
            "text": "#FLOODWARNING issued: Kindaruma & Masinga Dams FULL to capacity PLEASE SPREAD the WORD   http://www.facebook.com/media/set/?set=a.353849001341080.82055.104561442936505&type=1\u00a0\u2026 #iVolunteer",
            "timestamp": "2012-05-05 09:20:41",
            "user": "KenyaRedCross"
        }
    ]
}