{
    "#flood": [
        {
            "id": "1054510416422993921",
            "like": "1",
            "replies": "1",
            "retweets": "0",
            "text": "Acep, g\u00fcnahs\u0131z bir kul, var m\u0131d\u0131r yer y\u00fcz\u00fcnde,\nKim, duyar, hissederse, o g\u00fcnah\u0131 \u00f6z\u00fcnde,\nO'na t\u00f6vbe edip de, durur ise s\u00f6z\u00fcnde,\n\u015e\u00fcphesiz ki, kulunu, affeden \u011eAFF\u00c2R d\u0131r O.\n\n#Flood",
            "timestamp": "2018-10-22 23:10:49",
            "user": "Der_Turken"
        },
        {
            "id": "1054502412717703171",
            "like": "2",
            "replies": "0",
            "retweets": "3",
            "text": "Add \"running out of water\" to the ways extreme rainfall is hitting  Texas. Austin is begging people to stop using water to prevent the city  (major city!) from completely running dry. #weather #flood #rainfall #infrastructurehttps://twitter.com/AustinWater/status/1054490517151629312\u00a0\u2026",
            "timestamp": "2018-10-22 22:39:01",
            "user": "ai6yrham"
        },
        {
            "id": "1054492619110260736",
            "like": "1",
            "replies": "1",
            "retweets": "0",
            "text": "#Africa #crossing the #ocean towards the #Americas & #Canada, even #Europe, literally resides in #Israel within its #Biblical borders from north to south & from west to east returning #home like the #animals came to #Noah to be saved from the #flood of #darkness all around...4/5",
            "timestamp": "2018-10-22 22:00:06",
            "user": "SchaepdryverB"
        },
        {
            "id": "1054489749954744321",
            "like": "7",
            "replies": "0",
            "retweets": "5",
            "text": "Great #flood infographic. In UK there's a big lobby for not building on 'green belt' round towns/cities but not a big enough voice to avoid building on floodplains #resilience #NFM #SlowingTheFlowhttps://twitter.com/bradzarnett/status/1054008741413220352\u00a0\u2026",
            "timestamp": "2018-10-22 21:48:42",
            "user": "StuartMcLelland"
        }
    ]
}