{
    "#help": [
        {
            "id": "303291132534722560",
            "like": "26",
            "replies": "0",
            "retweets": "1",
            "text": "Omfg the girl I sit next to in chem just asked to follow me on insta and I looked through her pictures and she has a collage of me  #HELP",
            "timestamp": "2013-02-17 23:53:35",
            "user": "akapepper_"
        },
        {
            "id": "386272081140531200",
            "like": "36",
            "replies": "36",
            "retweets": "40",
            "text": "Que hago con los ni\u00f1os del piso de arriba de mi casa que me saltan en la cabeza a toda hora???? ?? #HELP",
            "timestamp": "2013-10-04 23:30:15",
            "user": "mery_delcerro"
        },
        {
            "id": "635924289045164032",
            "like": "31",
            "replies": "0",
            "retweets": "0",
            "text": "I'm raising money for My Son needs Child Care Payed off. Click to Donate:  http://tw.gofund.me/luke2012\u00a0 via @gofundme #help #son #momlife #school",
            "timestamp": "2015-08-24 21:19:00",
            "user": "TakwakinK"
        },
        {
            "id": "552965184428724224",
            "like": "45",
            "replies": "0",
            "retweets": "1",
            "text": "#skyrim plz no why u do dis 2 me #help pic.twitter.com/fw0HuQylBV",
            "timestamp": "2015-01-07 23:09:08",
            "user": "killthemurderer"
        },
        {
            "id": "552961801269551105",
            "like": "83",
            "replies": "28",
            "retweets": "7",
            "text": "My daily struggle...what to have for dinner. #help me and @MCAUSSIN80 figure this out",
            "timestamp": "2015-01-07 22:55:41",
            "user": "kramergirl"
        },
        {
            "id": "802661373956288512",
            "like": "27",
            "replies": "0",
            "retweets": "1",
            "text": "#Likeforfollow #likeforlikeback i need followers lol I'm so new to this! #Help #follo4follo #FolloMe",
            "timestamp": "2016-11-26 23:52:38",
            "user": "jrmercer03"
        },
        {
            "id": "802661210428555264",
            "like": "25",
            "replies": "2",
            "retweets": "0",
            "text": "It's all fun and games until Europeans start waxing your legs lmao #help",
            "timestamp": "2016-11-26 23:51:59",
            "user": "nhopfer"
        },
        {
            "id": "802652047145218048",
            "like": "9",
            "replies": "0",
            "retweets": "18",
            "text": "#China YOU SEE HERE #dogs #help #people in #DANGER WHY DO YOU ALLOW the #TORTURE of them they are #friendsnotfood welfare #laws pls",
            "timestamp": "2016-11-26 23:15:35",
            "user": "shishnfips"
        },
        {
            "id": "802634391616950272",
            "like": "0",
            "replies": "2",
            "retweets": "24",
            "text": "Suche noch ein Ticket f\u00fcr #WalkingOnCars am 6.3.17 in Dortmund. Hat jemand noch eines \u00fcbrig?\n#FollowerPower #Help",
            "timestamp": "2016-11-26 22:05:25",
            "user": "Kikoro"
        },
        {
            "id": "802628968675418112",
            "like": "17",
            "replies": "0",
            "retweets": "15",
            "text": "looking at all these school tweets and i can't even remember what i did in any of my classes last friday #help",
            "timestamp": "2016-11-26 21:43:52",
            "user": "raganharden"
        },
        {
            "id": "802625793494913024",
            "like": "8",
            "replies": "0",
            "retweets": "21",
            "text": "#Help me! I'm Willie, an adult male #Terrier mix. #nkla #dogs #love https://www.petfinder.com/petdetail/36827853/\u00a0\u2026pic.twitter.com/huyZNZQdFh",
            "timestamp": "2016-11-26 21:31:15",
            "user": "GayWeHoDogs4U"
        },
        {
            "id": "802616687413448704",
            "like": "405",
            "replies": "48",
            "retweets": "365",
            "text": "So sorry to have to keep asking but we can't figure out which photo Cheetolini would like us to stop tweeting #Help pic.twitter.com/5GP6xLUXaM",
            "timestamp": "2016-11-26 20:55:04",
            "user": "frangeladuo"
        },
        {
            "id": "719276868793278464",
            "like": "12",
            "replies": "0",
            "retweets": "18",
            "text": "#Help me! Young female #Chihuahua.  #nkla #dogs #love https://www.petfinder.com/petdetail/34866215/\u00a0\u2026pic.twitter.com/yhvH1H7eKQ",
            "timestamp": "2016-04-10 21:32:23",
            "user": "GayWeHoDogs4U"
        },
        {
            "id": "719242761740759040",
            "like": "13",
            "replies": "1",
            "retweets": "37",
            "text": "#Help me! I'm Dollar, a baby male #Chihuahua. #nkla #dogs #love https://www.petfinder.com/petdetail/34866294/\u00a0\u2026pic.twitter.com/fZsUUmDVel",
            "timestamp": "2016-04-10 19:16:51",
            "user": "GayWeHoDogs4U"
        },
        {
            "id": "719242742224715776",
            "like": "11",
            "replies": "0",
            "retweets": "29",
            "text": "#Help me! I'm Daisy, an adult female #Poodle. #nkla #dogs #love https://www.petfinder.com/petdetail/34866287/\u00a0\u2026pic.twitter.com/YZcsKQnfuB",
            "timestamp": "2016-04-10 19:16:47",
            "user": "GayWeHoDogs4U"
        },
        {
            "id": "968994216566185984",
            "like": "208",
            "replies": "29",
            "retweets": "11",
            "text": "I have a feeling @reallesstroud is going to take most of this cool @REI stuff away from me.... #help pic.twitter.com/ZgsUgBlBJ5",
            "timestamp": "2018-02-28 23:39:58",
            "user": "billengvall"
        },
        {
            "id": "968992957335564288",
            "like": "27",
            "replies": "1",
            "retweets": "76",
            "text": "#TN #MEMPHIS\n#URGENT 2yo #HARMONY Owner evicted & they left her in the backyard!! Such a sweetheart~loves everyone & everything! Adoption fee lowered to $20 to assist with hw treatment-Please #HELP this angel #ADOPT #PLEDGE #RESCUE #FOSTERhttps://twitter.com/reddogsusie/status/968985129589846022\u00a0\u2026",
            "timestamp": "2018-02-28 23:34:58",
            "user": "msmorgan1968"
        },
        {
            "id": "968973108177666050",
            "like": "0",
            "replies": "0",
            "retweets": "13",
            "text": "Por favor ay\u00fademe a difundir #MissingPerson #AYUDA #help pic.twitter.com/2hBiHzenhy",
            "timestamp": "2018-02-28 22:16:06",
            "user": "andrealvrz"
        },
        {
            "id": "968952732462866434",
            "like": "9",
            "replies": "3",
            "retweets": "14",
            "text": "Rien, rien, rien ne bouge ! Bloqu\u00e9s \u00e0 Montpellier depuis 13h30 ! \u00c7a fait plus de 8 heures !!! #A9 #Help pic.twitter.com/WCmZaBLJsu",
            "timestamp": "2018-02-28 20:55:08",
            "user": "AnthonyJammot"
        },
        {
            "id": "968936210491232258",
            "like": "7",
            "replies": "3",
            "retweets": "18",
            "text": "#HELP POUR CETTE #C9LLECTE\n#assist #slaughterhouses #survivors\n#Aider les #survivants des #abattoirshttps://www.gofundme.com/53weqdk\u00a0",
            "timestamp": "2018-02-28 19:49:29",
            "user": "GrouciDjamila"
        },
        {
            "id": "885649547225161728",
            "like": "14",
            "replies": "1",
            "retweets": "52",
            "text": "#TODAY #Alfie has  been #Missing 6 years #Lost #London #UK\n#MICROCHIPPED\n#REWARD #Help #RT\nhttps://www.facebook.com/findalfie/photos/pcb.1055034317899228/1055031141232879/?type=3&theater\u00a0\u2026\nhttps://youtu.be/nPzVMw68v-U?list=PL627621D8C226E2B6\u00a0\u2026pic.twitter.com/FNzOrdIi5q",
            "timestamp": "2017-07-13 23:58:01",
            "user": "andyhunterart"
        },
        {
            "id": "1052336662087389184",
            "like": "22",
            "replies": "0",
            "retweets": "3",
            "text": "Trying to find Friday #help\n@jeeppic.twitter.com/m23fKX8HEx",
            "timestamp": "2018-10-16 23:13:06",
            "user": "annasjeeplife"
        },
        {
            "id": "1052323207490011138",
            "like": "14",
            "replies": "0",
            "retweets": "13",
            "text": "Let's Play: Warcraft 2: Tides of Darkness | OLD CINEMATIC\n https://youtu.be/neohuxu92zE\u00a0\n@Warcraft @Warcraft_DE @YouTubeGaming #lp_retweets #Retweet_Lobby #PrimeNightRT #GermanTwitchRT #retweet #help #follow #abo #Letsplay #Gaming #Youtube #Hearthstone #blog",
            "timestamp": "2018-10-16 22:19:38",
            "user": "GerGamingNinja"
        },
        {
            "id": "1052318034885521408",
            "like": "8",
            "replies": "11",
            "retweets": "20",
            "text": "Please help me with retweeting this tweet I want a blackpink grip holder!!\nI need 1k rts and since it takes less than 5sec please please Do it\nThanks for helping\n#RTXRT #RTDEAL\n#DUALIPAXBLACKPINK #RETWEET #retweetplease #help #BLACKPINK #BLINKS #KissAndMakeuppic.twitter.com/IaNiKMVKys",
            "timestamp": "2018-10-16 21:59:05",
            "user": "Letsbeuwu"
        },
        {
            "id": "1052305619275927556",
            "like": "22",
            "replies": "1",
            "retweets": "8",
            "text": "Very much #proud to be part of this amazing #team of #ambassadors who support #Mindfulness Solidaires  thx @betsyparayil and @Laure_Bouery for everything you do for others  #solidarity #meditation #grow #help pic.twitter.com/5HTMHakO9k",
            "timestamp": "2018-10-16 21:09:45",
            "user": "Aurelie_JEAN"
        },
        {
            "id": "1052301381556559872",
            "like": "6",
            "replies": "11",
            "retweets": "15",
            "text": "HI GUYS! THIS IS MY FIRST RT DEAL WITH @SolidzzYT \n\nHELP ME GUYS TO REACH THE 1578 RETWEETS!!! \n\n#RETWEET #rtxrt #RT #help pic.twitter.com/vW9BlcyjRD",
            "timestamp": "2018-10-16 20:52:54",
            "user": "QueenJennie_Kim"
        },
        {
            "id": "1052298947245498369",
            "like": "10",
            "replies": "2",
            "retweets": "27",
            "text": "Please can we get followers for Biggles in order that we can stand a chance of finding him and getting him home to his Mom thank you #follow #Windsor #berkshirestrong #missingcats #lostcats #help #RESCUES #TeamZay please #retweet",
            "timestamp": "2018-10-16 20:43:14",
            "user": "bigglesis"
        },
        {
            "id": "1052288949907935232",
            "like": "49",
            "replies": "3",
            "retweets": "56",
            "text": "Are you freaking kidding me!??\nThis is #Censorship @Jack @TwitterSupport #SocialistRepression\n @codeofvets \n        \nShe's is HELPING VETERANS! \nGreatest supporter of #Vets\n#HomelessVeterans #PTSD\n\nPlease Step UP #Help\n@DeptVetAffairs\n@POTUS @OANN @FoxNews\n@codeofvets pic.twitter.com/kz6hqkWWPs",
            "timestamp": "2018-10-16 20:03:30",
            "user": "lizBeth_Hineni"
        },
        {
            "id": "1052287556317011969",
            "like": "169",
            "replies": "3",
            "retweets": "106",
            "text": "Lovely girl Coffee! She's 5 months old and has been here since she was a tiny baby! Can you believe it?? Help us find her a home!\n#rehomehour #TeamZay #weeti #Yorkshire #tuxietuesday #help pic.twitter.com/zUqsPaEJvP",
            "timestamp": "2018-10-16 19:57:58",
            "user": "KeighleyCatCare"
        }
    ]
}