{
    "#kerala": [
        {
            "id": "552904552148504576",
            "like": "6",
            "replies": "0",
            "retweets": "27",
            "text": "#Kerala Hindu-Muslim couple's nightmare continues, rumour spreads about wife's death http://bit.ly/1ByKn5N\u00a0pic.twitter.com/VCFzoNGkDb",
            "timestamp": "2015-01-07 19:08:12",
            "user": "dhanyarajendran"
        },
        {
            "id": "552819768894304256",
            "like": "3",
            "replies": "1",
            "retweets": "43",
            "text": "#Kerala Hindu-Muslim couple's nightmare continues, rumour spreads about wife's death http://bit.ly/1ByKn5N\u00a0pic.twitter.com/hQqaGR6xjl",
            "timestamp": "2015-01-07 13:31:18",
            "user": "thenewsminute"
        },
        {
            "id": "552799958999367680",
            "like": "33",
            "replies": "0",
            "retweets": "21",
            "text": "#Imovie Promotion #ChiyaanVikram #Kerala pic.twitter.com/3qlCwqaaYi\"",
            "timestamp": "2015-01-07 12:12:35",
            "user": "Aascars"
        },
        {
            "id": "552789741616128000",
            "like": "22",
            "replies": "3",
            "retweets": "13",
            "text": "\"@Aascars: #Imovie #I promotions in #Kerala #LuluMall ! #ChiyaanVikram pic.twitter.com/fBWzPoIZFf\"\"",
            "timestamp": "2015-01-07 11:31:59",
            "user": "chiyaanCVF"
        },
        {
            "id": "552778926129299457",
            "like": "12",
            "replies": "5",
            "retweets": "19",
            "text": "#Imovie's Telugu rights - Rs. 36 Crores #MegaSuperGood\n#Karnataka rights - Rs. 7.5 Crs #SriGokul\n#Kerala rights - Rs. 6 Crs #UnitedMedia",
            "timestamp": "2015-01-07 10:49:00",
            "user": "rameshlaus"
        },
        {
            "id": "552765794107392000",
            "like": "40",
            "replies": "2",
            "retweets": "21",
            "text": "#Imovie #I promotions in #Kerala #LuluMall ! #ChiyaanVikram pic.twitter.com/q5FXMlY3jV\"",
            "timestamp": "2015-01-07 09:56:49",
            "user": "Aascars"
        },
        {
            "id": "552763627636150272",
            "like": "21",
            "replies": "1",
            "retweets": "15",
            "text": "\"@Aascars: #I #Imovie promotions in #Kerala #LuluMall! #ChiyaanVikram pic.twitter.com/eq6t62Sdog\"\"",
            "timestamp": "2015-01-07 09:48:13",
            "user": "chiyaanCVF"
        },
        {
            "id": "552763120800653312",
            "like": "32",
            "replies": "1",
            "retweets": "19",
            "text": "#I #Imovie promotions in #Kerala #LuluMall! #ChiyaanVikram pic.twitter.com/ekKLbGVyCU\"",
            "timestamp": "2015-01-07 09:46:12",
            "user": "Aascars"
        },
        {
            "id": "552688431650713601",
            "like": "2",
            "replies": "0",
            "retweets": "25",
            "text": "#Kochi #Kerala\nNeed AB+ve Blood\nAt Amritha hosp\nCall 9497369486\nvia @vinayanc\n#iCanSaveLife",
            "timestamp": "2015-01-07 04:49:25",
            "user": "iCanSaveLife"
        },
        {
            "id": "552537633935855617",
            "like": "0",
            "replies": "0",
            "retweets": "11",
            "text": "#Kochi #Kerala #Urgent Need AB+ve #blood @ Amritha hosp. Call 9497369486  via @vinayanc RT @WeAreKochi @UrsJayaramActor",
            "timestamp": "2015-01-06 18:50:12",
            "user": "TBNIND"
        },
        {
            "id": "552532609218408449",
            "like": "0",
            "replies": "0",
            "retweets": "16",
            "text": "#Kochi #Kerala #Urgent Need AB+ve #blood @ Amritha hosp. Call 9497369486 #BloodAid via @vinayanc cc @Raheelk",
            "timestamp": "2015-01-06 18:30:14",
            "user": "BloodAid"
        },
        {
            "id": "552526049754767361",
            "like": "7",
            "replies": "0",
            "retweets": "42",
            "text": "#Kochi #Kerala Urgent need of AB+ve group blood.. Contact: +919497369486 Sandeep, Amritha hospital, cochin. 6Jan . Via @vinayanc",
            "timestamp": "2015-01-06 18:04:10",
            "user": "BloodDonorsIn"
        },
        {
            "id": "552472395714662403",
            "like": "5",
            "replies": "4",
            "retweets": "13",
            "text": "My wife's chat with friends:how can educated ppl elect guy suspected of mruder of his wife?Friends:beyond belief,can happen only in #Kerala",
            "timestamp": "2015-01-06 14:30:58",
            "user": "profpaVarghese"
        },
        {
            "id": "552354030513819649",
            "like": "25",
            "replies": "0",
            "retweets": "23",
            "text": "#Kovalam Es un pueblo de playa por el mar Ar\u00e1bigo, en la ciudad de #Thiruvananthapuram #Kerala #Indiapic.twitter.com/U0m3axkm2M",
            "timestamp": "2015-01-06 06:40:37",
            "user": "_Paisajes_"
        },
        {
            "id": "303069992314888193",
            "like": "4",
            "replies": "3",
            "retweets": "12",
            "text": "@ShashiTharoor From #Kerala 2 #Karachi: betel leaves produced in Tirur chewed happily in Pakistan. #softpower\nhttp://www.thehindu.com/todays-paper/tp-features/tp-sundaymagazine/from-kerala-to-karachi/article4423612.ece\u00a0\u2026",
            "timestamp": "2013-02-17 09:14:51",
            "user": "SreenathSha"
        },
        {
            "id": "469540747113287681",
            "like": "3",
            "replies": "4",
            "retweets": "12",
            "text": "Less than 12 hours to go for the #contest. RT and spread the word! \n#Mumbai #Chennai #Bangalore #Nagpur #Pune #Ahmedabad #Delhi #Kerala",
            "timestamp": "2014-05-22 18:10:12",
            "user": "TheLabelbyLP"
        },
        {
            "id": "469177832162066432",
            "like": "14",
            "replies": "0",
            "retweets": "16",
            "text": "Parampara: #Kathakali guru instructs his sishyas, Cheruthuruthi ~ #Thrissur, #Kerala 1950 (Pic:Henri Cartier-Bresson) pic.twitter.com/X4BApIsSUp",
            "timestamp": "2014-05-21 18:08:06",
            "user": "indiainpix"
        },
        {
            "id": "469022780185247744",
            "like": "3",
            "replies": "2",
            "retweets": "11",
            "text": "If you believe that O.Rajagopal should be a Minister in NaMo's cabinet Kindly retweet all my tweets on him. #Kerala",
            "timestamp": "2014-05-21 07:51:59",
            "user": "jothishnair1010"
        },
        {
            "id": "468975710846345216",
            "like": "5",
            "replies": "2",
            "retweets": "22",
            "text": "State intelligence is a vegetable. In 2012 Pakistan high commissioner entered Sree Padmanabhaswany Temple & no one knew. #Kerala",
            "timestamp": "2014-05-21 04:44:57",
            "user": "jothishnair1010"
        },
        {
            "id": "468835926886465536",
            "like": "0",
            "replies": "3",
            "retweets": "14",
            "text": "Hindus hav become minority with 43% of #Kerala's population as per Census based on religious denomination @Swamy39 @HinduAmericans @HinduIDF",
            "timestamp": "2014-05-20 19:29:30",
            "user": "pravcIndian"
        },
        {
            "id": "468637123466129408",
            "like": "20",
            "replies": "6",
            "retweets": "34",
            "text": "#Kerala #literacy 95.5%, #Modified #BJP got ZERO seats in #Kerala #modiyapa via @younus7skpic.twitter.com/okyTZvAIQM",
            "timestamp": "2014-05-20 06:19:31",
            "user": "rubusmubu"
        },
        {
            "id": "386182032318943232",
            "like": "14",
            "replies": "3",
            "retweets": "26",
            "text": "What's going on here.. #Thala Fans in #Kerala are coming up with awesome posters every few hrs.. Therikkuthu.. #MASSpic.twitter.com/9rqoQkRG7q",
            "timestamp": "2013-10-04 17:32:26",
            "user": "rameshlaus"
        },
        {
            "id": "386178686560374784",
            "like": "8",
            "replies": "4",
            "retweets": "33",
            "text": "#Kerala is the citadel 4 #Thalapathy #Vijay.. With #Mohanlal on board 4 #Jilla & 200 scrns, it will be unprecedented movie event in #Kerala!",
            "timestamp": "2013-10-04 17:19:08",
            "user": "rameshlaus"
        },
        {
            "id": "386070059036475392",
            "like": "0",
            "replies": "0",
            "retweets": "15",
            "text": "#Kerala #Emergency Need O-ve #BombayBloodGroup Donors@ Calicut Medical College.Call 09947714988 #Bloodaid",
            "timestamp": "2013-10-04 10:07:29",
            "user": "BloodAid"
        },
        {
            "id": "386052334788165632",
            "like": "8",
            "replies": "0",
            "retweets": "13",
            "text": "#Arrambam has decided to take #Kerala by storm.. Here is a new rocking poster of #Arrambam in #Malayalam..pic.twitter.com/UjSovuivJR",
            "timestamp": "2013-10-04 08:57:03",
            "user": "rameshlaus"
        },
        {
            "id": "719285185506709504",
            "like": "22",
            "replies": "1",
            "retweets": "48",
            "text": "#Kerala as a whole, irrespective of religion & political affiliation nursed the injured through health & blood donation camps @cpimspeak",
            "timestamp": "2016-04-10 22:05:26",
            "user": "CPIMKerala"
        },
        {
            "id": "719283849255985152",
            "like": "17",
            "replies": "1",
            "retweets": "50",
            "text": "#CPIM remind those who stands for a secular #Kerala, be aware of such repugnant activities in the social media space @cpimspeak",
            "timestamp": "2016-04-10 22:00:07",
            "user": "CPIMKerala"
        },
        {
            "id": "719281861323673600",
            "like": "16",
            "replies": "0",
            "retweets": "40",
            "text": "Though the secular fabric of #Kerala is strong enough to withstand such hate-speech, this matter has to be taken up seriously @cpimspeak",
            "timestamp": "2016-04-10 21:52:14",
            "user": "CPIMKerala"
        },
        {
            "id": "719260986671280128",
            "like": "22",
            "replies": "1",
            "retweets": "9",
            "text": "110 die in #Kerala temple tragedy; 'dreadful' says @narendramodi\nhttp://bit.ly/1N2OOyi\u00a0\n#KeralaTempleFirepic.twitter.com/i5ut5pwBiL",
            "timestamp": "2016-04-10 20:29:17",
            "user": "firstpost"
        },
        {
            "id": "719225706572480512",
            "like": "22",
            "replies": "1",
            "retweets": "31",
            "text": "On a day filled with bad news, this is so heartening! #Kollam #KollamFire #Kerala https://twitter.com/Kerala__/status/719219870328602624\u00a0\u2026",
            "timestamp": "2016-04-10 18:09:05",
            "user": "annavetticad"
        },
        {
            "id": "719225320121872384",
            "like": "34",
            "replies": "13",
            "retweets": "13",
            "text": "This is a tragedy for #Kerala and entire nation: Rahul Gandhi @OfficeOfRG on #Kollam infernohttp://www.abplive.in/india-news/this-is-a-tragedy-for-kerala-and-entire-nation-rahul-gandhi-on-kollam-inferno-319688\u00a0\u2026",
            "timestamp": "2016-04-10 18:07:33",
            "user": "abpnewstv"
        },
        {
            "id": "719206363931549696",
            "like": "27",
            "replies": "0",
            "retweets": "15",
            "text": "#Thala Ajith's Birthday Special Fans Show in #Kerala #GirijaTheatre\n#Thala57 https://twitter.com/thalatweets/status/719146444309925889/photo/1pic.twitter.com/CkHtUWDv3L\u00a0",
            "timestamp": "2016-04-10 16:52:14",
            "user": "AjithUKFans"
        },
        {
            "id": "719202631386796032",
            "like": "20",
            "replies": "0",
            "retweets": "24",
            "text": "Major fire breaks out at #Puttingal temple in Paravaur (Kollam) #Kerala\n100 died, over 200 injured\n#KollamTempleFirepic.twitter.com/iB4hYKM9zW",
            "timestamp": "2016-04-10 16:37:24",
            "user": "aniruddhasadm"
        },
        {
            "id": "719195051297869824",
            "like": "14",
            "replies": "2",
            "retweets": "34",
            "text": "Mata Amritanandamayi, popular as #Amma in #Kerala, has called for ban on #firecrackers in all temple festivals #KollamTempleFire; #debate",
            "timestamp": "2016-04-10 16:07:16",
            "user": "umasudhir"
        },
        {
            "id": "719192751946858496",
            "like": "44",
            "replies": "0",
            "retweets": "38",
            "text": "Russian Prez Vladimir Putin expresses profound grief over numerous deaths in fire at temple in Paravur in #Kerala.",
            "timestamp": "2016-04-10 15:58:08",
            "user": "airnewsalerts"
        },
        {
            "id": "719166004799123456",
            "like": "4",
            "replies": "0",
            "retweets": "11",
            "text": "\u00c8 sempre pi\u00f9 grave il bilancio dell'incendio avvenuto in un tempio Ind\u00f9 nello stato del #Kerala, in #India:110 morti e a oltre 350 feriti.",
            "timestamp": "2016-04-10 14:11:51",
            "user": "ultimenotizie"
        },
        {
            "id": "719160257965006848",
            "like": "43",
            "replies": "1",
            "retweets": "46",
            "text": "Well done #IndianNavy ! I was at #Kollam Hospital with #Kerala Health Minister whn Naval Offcr arrvd 2 offr asstnce https://twitter.com/spokespersonmod/status/719158207193571328\u00a0\u2026",
            "timestamp": "2016-04-10 13:49:01",
            "user": "rajeev_mp"
        },
        {
            "id": "719159605264142337",
            "like": "32",
            "replies": "0",
            "retweets": "20",
            "text": "#Kerala: Congress VP Rahul Gandhi meets victims of #KollamTempleFire tragedy at AA Rahim Memorial Hospitalpic.twitter.com/MrdtdjVN5F",
            "timestamp": "2016-04-10 13:46:25",
            "user": "friendscongress"
        },
        {
            "id": "719156635759878144",
            "like": "15",
            "replies": "3",
            "retweets": "24",
            "text": "PM @narendramodi leads & #Pappu follows @OfficeOfRG thinks that his visit will make #Kerala vote 4corrupt CONg again pic.twitter.com/wFFMTg86G6",
            "timestamp": "2016-04-10 13:34:37",
            "user": "RamkiXLRI"
        },
        {
            "id": "719156150260736000",
            "like": "20",
            "replies": "9",
            "retweets": "23",
            "text": "#Kollam temple fire no act of God: #Kerala government a culprit | @panickars | http://bit.ly/1oNP6NS\u00a0 #Accidentpic.twitter.com/9HcLDXZo6O",
            "timestamp": "2016-04-10 13:32:42",
            "user": "DailyO_"
        },
        {
            "id": "719153977464492033",
            "like": "13",
            "replies": "1",
            "retweets": "14",
            "text": "Centre fully stands by #Kerala govt and its people in this hour of crisis,says PM Narendra Modi after visiting Temple fire site and hospital",
            "timestamp": "2016-04-10 13:24:04",
            "user": "airnewsalerts"
        },
        {
            "id": "719148210527207430",
            "like": "16",
            "replies": "0",
            "retweets": "15",
            "text": "#Kerala Suriya fans Promotion poster \n\nARR 24 Audio Feast tomorrow\n\n@rajsekarpandianpic.twitter.com/RxdeNh0Wvf",
            "timestamp": "2016-04-10 13:01:09",
            "user": "MaduraiSfc"
        },
        {
            "id": "719148045540134912",
            "like": "21",
            "replies": "3",
            "retweets": "23",
            "text": "Fireworks disaster kills at least 100 in India http://nbcnews.to/1qBipVm\u00a0 #Kerala pic.twitter.com/5Tm5UjQOrp",
            "timestamp": "2016-04-10 13:00:29",
            "user": "NBCNews"
        },
        {
            "id": "719144908104146945",
            "like": "61",
            "replies": "0",
            "retweets": "43",
            "text": "#Thala Ajith's B'day Spl Fans Show\n\n#Veeram at #GirijaTheatre #Thrissur in #kerala \n\nHere is the contact details pic.twitter.com/BqiKMp5UTq",
            "timestamp": "2016-04-10 12:48:01",
            "user": "iam_K_A"
        },
        {
            "id": "719143402550366210",
            "like": "7",
            "replies": "1",
            "retweets": "18",
            "text": "#HindusUnderseige in #Kerala temple lands grabbed by UDF LDF & gifted to non-Hindus No land 4 festivals #KollamFirehttps://twitter.com/MeenaDasNarayan/status/719130146309976064\u00a0\u2026",
            "timestamp": "2016-04-10 12:42:02",
            "user": "SankaPadma"
        },
        {
            "id": "719143099574800384",
            "like": "3",
            "replies": "0",
            "retweets": "11",
            "text": "@MeenaDasNarayan #HindusUnderseige in #Kerala temple lands grab by @INCIndia @cpimspeak & gifted to non-Hindus No land 4 #festivals #WakeUp",
            "timestamp": "2016-04-10 12:40:50",
            "user": "SankaPadma"
        },
        {
            "id": "719127379625566208",
            "like": "21",
            "replies": "1",
            "retweets": "14",
            "text": "My heartfelt condolences for victims of fire in #Kerala My thoughts are with their families and with the injured. #KeralaTempleFire",
            "timestamp": "2016-04-10 11:38:22",
            "user": "StylianidesEU"
        },
        {
            "id": "802619843505692672",
            "like": "2",
            "replies": "1",
            "retweets": "11",
            "text": ".@LightInTheSoul Please Retweet #boycott #Kerala #boycottKerala Support   boycott Kerala #dogs #Stopanimalcruelty #Stopanimalabuse #cruelty",
            "timestamp": "2016-11-26 21:07:37",
            "user": "Nerthsophia"
        },
        {
            "id": "802545415644135424",
            "like": "25",
            "replies": "0",
            "retweets": "3",
            "text": "@ATGerman26 Hi Germaaa we #kbfc Love you so much..#kerala #blasters All The Best For Next match In kolkatha We beleve in you",
            "timestamp": "2016-11-26 16:11:52",
            "user": "Luckoseraju1"
        },
        {
            "id": "802173446843224064",
            "like": "26",
            "replies": "2",
            "retweets": "3",
            "text": "Oye Blaaaaaaaaaaaaaaaaaaaady Chak De @KeralaBlasters !!!! @IndSuperLeague #HeroISL #LetsFootball #Kerala #YellowMeinKhelo @kbfc_fanshttps://twitter.com/keralablasters/status/802172806444105732\u00a0\u2026",
            "timestamp": "2016-11-25 15:33:48",
            "user": "BaljitRihal"
        },
        {
            "id": "802120971415126016",
            "like": "70",
            "replies": "2",
            "retweets": "36",
            "text": "371 women constables joined #Kerala #Police today. Moving towards at least 15% women in KP. Women help desks to be made more effective.pic.twitter.com/lw8P16WX4O",
            "timestamp": "2016-11-25 12:05:16",
            "user": "CMOKerala"
        },
        {
            "id": "802106510348144641",
            "like": "33",
            "replies": "1",
            "retweets": "2",
            "text": "What a lovely place! @Kairali_Group can't wait for my treatment time... #AyurvedicHealingVillage #Kerala @nrizwanu @abhinavsood13 #detoxpic.twitter.com/maoFHD3FeF",
            "timestamp": "2016-11-25 11:07:49",
            "user": "MissMalini"
        },
        {
            "id": "1052296045693026304",
            "like": "23",
            "replies": "2",
            "retweets": "7",
            "text": "\u0b89\u0ba3\u0bcd\u0bae\u0bc8\u0baf\u0bbe\u0ba9 \u0baa\u0b95\u0bcd\u0ba4\u0bbf \u0b95\u0bca\u0ba3\u0bcd\u0b9f \u0baa\u0bc6\u0ba3\u0bcd\u0b95\u0bb3\u0bcd \u0b9a\u0baa\u0bb0\u0bbf\u0bae\u0bb2\u0bc8\u0b95\u0bcd\u0b95\u0bc1 \u0b9a\u0bc6\u0bb2\u0bcd\u0bb2\u0bae\u0bbe\u0b9f\u0bcd\u0b9f\u0bbe\u0bb0\u0bcd\u0b95\u0bb3\u0bcd - \u0bb0\u0bae\u0bc7\u0bb7\u0bcd \u0b9a\u0bc6\u0ba9\u0bcd\u0ba9\u0bbf\u0ba4\u0bb2\u0bbe\nhttps://goo.gl/Bm9i3k\u00a0\n#Kerala | #Sabarimala | #RameshChennithala",
            "timestamp": "2018-10-16 20:31:42",
            "user": "ThanthiTV"
        },
        {
            "id": "1052268720050106368",
            "like": "84",
            "replies": "2",
            "retweets": "29",
            "text": "Devotees of Lord Ayyappa who have gathered at Nilakkal, the base camp of #SabarimalaTemple as the gate of the temple is all set to open today, say, \"We are facing problems as administration is not giving clear answers on when doors will open.\" #Kerala pic.twitter.com/LQxNRm6YWr",
            "timestamp": "2018-10-16 18:43:07",
            "user": "ANI"
        },
        {
            "id": "1052245724694376449",
            "like": "43",
            "replies": "3",
            "retweets": "5",
            "text": "Thanks to @CMOKerala :) \n#\u0938\u092c\u0930\u0940\u092e\u0932\u093e #Kerala #SC #SabarimalaTemple",
            "timestamp": "2018-10-16 17:11:45",
            "user": "LambaAlka"
        },
        {
            "id": "1052238865346383872",
            "like": "120",
            "replies": "22",
            "retweets": "83",
            "text": "Padma Pillai: When the entire legal circle is saying that there is scope for reviewing then why the hurry to implement this by the #Kerala Govt? #SabarimalaProtestpic.twitter.com/XLx4R8b29v",
            "timestamp": "2018-10-16 16:44:29",
            "user": "MirrorNow"
        },
        {
            "id": "1052237256759504897",
            "like": "82",
            "replies": "0",
            "retweets": "26",
            "text": "VADACHENNAI FROM TOMORROW\n#Kerala release paper ad with theaters list\n@dhanushkraja @VetriMaaran @wunderbarfilms @LycaProductions @MiniStudio_ @Music_Santhosh @aishu_dil @vinod_offl @andrea_jeremiah #VadaChennai #VadaChennaiFromTomorrowpic.twitter.com/c9ciSnyUIp",
            "timestamp": "2018-10-16 16:38:06",
            "user": "ActorDhanushFc"
        },
        {
            "id": "1052214846442299392",
            "like": "24",
            "replies": "1",
            "retweets": "16",
            "text": "#Kerala\nFollowing 'NO DONATION WITHOUT REPRESENTATION Campaign,\nRs 75 lacks LESS donation at Guruvayoor temple which is ruled by the state government appointed Dewaswom board. \n\nInstead, Devotees are dropping pieces of paper with '#SaveSabarimala ' written on it.pic.twitter.com/GXsGU8B5lz",
            "timestamp": "2018-10-16 15:09:03",
            "user": "PartyVillage017"
        },
        {
            "id": "1052211783270887425",
            "like": "67",
            "replies": "5",
            "retweets": "60",
            "text": "#Kerala \nAdivasi women at Nilakkal are stopping and checking every vehicle to prevent CPIM Kerala communist feminists infiltrating into #Sabarimala ahead of Pooja season tomorrow. \n\n#SaveSabarimala #SabarimalaFaceoffpic.twitter.com/euDXovmFy3",
            "timestamp": "2018-10-16 14:56:52",
            "user": "sanataniameric1"
        },
        {
            "id": "1052196028185628682",
            "like": "549",
            "replies": "8",
            "retweets": "303",
            "text": "#Kerala \nAdivasi women at Nilakkal are stopping and checking every vehicle to prevent communist feminists infiltrating into #Sabarimala ahead of Pooja season tomorrow. \n#SaveSabarimala #SabarimalaFaceoffpic.twitter.com/O0bVJt9NBq",
            "timestamp": "2018-10-16 13:54:16",
            "user": "PartyVillage017"
        },
        {
            "id": "1052196016546402307",
            "like": "55",
            "replies": "0",
            "retweets": "33",
            "text": "All #Kerala @dhanushkraja fans  palakkad district committee \nCelebration starts \n#VadaChennai\n#VadaChennaiFromTomorrow \nNee vaa Thalaivaaaaa \n@dhanushkraja \n\nCan't wait FDFS pic.twitter.com/fEfHt3RQNq",
            "timestamp": "2018-10-16 13:54:13",
            "user": "V_KiraN_"
        },
        {
            "id": "1052193258837688322",
            "like": "15",
            "replies": "1",
            "retweets": "14",
            "text": "SC passes judgement allowing women of all ages to enter #SabarimalaTemple on petition filed by #NaushadAhmedKhan...\n\n#Kerala HC rejects petition filed by the #HinduMahasabha, seeking entry of Muslim women in mosques...\n\nIs this not selective??",
            "timestamp": "2018-10-16 13:43:16",
            "user": "karunasagarllb"
        },
        {
            "id": "1052176057980215297",
            "like": "260",
            "replies": "4",
            "retweets": "59",
            "text": "Hands that feed a million mouths. A village woman working on the paddy fields of #Kerala #IncredibleIndiapic.twitter.com/6hZkHQQkjI",
            "timestamp": "2018-10-16 12:34:55",
            "user": "incredibleindia"
        },
        {
            "id": "1052174588405137413",
            "like": "6",
            "replies": "0",
            "retweets": "11",
            "text": "Eravikulam National park is the largest surviving population of Nilgiri  Tahr- Mountain goat species \n#visitmunnar #munnar #kerala #eravikulam_national_park #nigiritahr #travelpic.twitter.com/6xzic1MQtN",
            "timestamp": "2018-10-16 12:29:04",
            "user": "AjinsAliyas"
        },
        {
            "id": "1052166279807811584",
            "like": "38",
            "replies": "3",
            "retweets": "6",
            "text": "Scattered to widespread rains from #Telangana to #Goa to #TamilNadu #Kerala & #SriLanka into Sat. Trough will lead to showers from N #Pakistan to #JammuAndKashmir next couple of days. Rain eases across S #India week of 22nd. Rain increases across S India in late Oct & early Nov.pic.twitter.com/GQPtLDVIzH",
            "timestamp": "2018-10-16 11:56:04",
            "user": "jnmet"
        },
        {
            "id": "1052162027656044544",
            "like": "36",
            "replies": "0",
            "retweets": "3",
            "text": "''\u0b9f\u0bbf\u0bb0\u0b99\u0bcd\u0b95\u0bcd \u0baa\u0bc6\u0b9f\u0bcd\u0b9f\u0bbf\u0ba4\u0bbe\u0ba9\u0bcd \u0bb5\u0bc7\u0ba3\u0bcd\u0b9f\u0bc1\u0bae\u0bcd!'' - \u0b85\u0bb2\u0bc8\u0ba8\u0bcd\u0ba4\u0bc1 \u0ba4\u0bbf\u0bb0\u0bbf\u0ba8\u0bcd\u0ba4\u0bc1 \u0baa\u0bb4\u0b99\u0bcd\u0b95\u0bc1\u0b9f\u0bbf\u0baf\u0bbf\u0ba9\u0bb0\u0bbf\u0ba9\u0bcd \u0b86\u0b9a\u0bc8\u0baf\u0bc8 \u0ba8\u0bbf\u0bb1\u0bc8\u0bb5\u0bc7\u0bb1\u0bcd\u0bb1\u0bbf\u0baf \u0bae\u0bbe\u0ba3\u0bb5\u0bb0\u0bcd\u0b95\u0bb3\u0bcd #Kerala #InterestingStory\nhttp://bit.ly/2PJnSq8\u00a0pic.twitter.com/bZAOBj0AY8",
            "timestamp": "2018-10-16 11:39:10",
            "user": "vikatan"
        },
        {
            "id": "1052161339542646784",
            "like": "22",
            "replies": "0",
            "retweets": "1",
            "text": "''\u0b9f\u0bbf\u0bb0\u0b99\u0bcd\u0b95\u0bcd \u0baa\u0bc6\u0b9f\u0bcd\u0b9f\u0bbf\u0ba4\u0bbe\u0ba9\u0bcd \u0bb5\u0bc7\u0ba3\u0bcd\u0b9f\u0bc1\u0bae\u0bcd!'' - \u0b85\u0bb2\u0bc8\u0ba8\u0bcd\u0ba4\u0bc1 \u0ba4\u0bbf\u0bb0\u0bbf\u0ba8\u0bcd\u0ba4\u0bc1 \u0baa\u0bb4\u0b99\u0bcd\u0b95\u0bc1\u0b9f\u0bbf\u0baf\u0bbf\u0ba9\u0bb0\u0bbf\u0ba9\u0bcd \u0b86\u0b9a\u0bc8\u0baf\u0bc8 \u0ba8\u0bbf\u0bb1\u0bc8\u0bb5\u0bc7\u0bb1\u0bcd\u0bb1\u0bbf\u0baf \u0bae\u0bbe\u0ba3\u0bb5\u0bb0\u0bcd\u0b95\u0bb3\u0bcd #Kerala #InterestingStory\nhttp://bit.ly/2P0oAT6\u00a0pic.twitter.com/VWEVKHNA44",
            "timestamp": "2018-10-16 11:36:26",
            "user": "AnandaVikatan"
        },
        {
            "id": "1052157208950059009",
            "like": "21",
            "replies": "4",
            "retweets": "34",
            "text": "India deploys hundreds of police in southern #Kerala state where protesters have threatened to stop women from entering a Hindu temple, despite a court ruling they can pray there http://u.afp.com/oR9Y\u00a0 #AyyappaTemple",
            "timestamp": "2018-10-16 11:20:01",
            "user": "AFP"
        },
        {
            "id": "1052156036138844160",
            "like": "25",
            "replies": "1",
            "retweets": "11",
            "text": "Good friends help to wash each other\u2019s hands!\nJust as these students from St Joseph\u2019s LPS school in Punnapura, #Kerala are doing.\n#GlobalHandwashingDay pic.twitter.com/6RURRWh2h9",
            "timestamp": "2018-10-16 11:15:21",
            "user": "UNICEFIndia"
        },
        {
            "id": "1052155505055948800",
            "like": "40",
            "replies": "6",
            "retweets": "2",
            "text": "Raining \n#Kerala",
            "timestamp": "2018-10-16 11:13:15",
            "user": "MoviePlanet8"
        },
        {
            "id": "1052148900675481606",
            "like": "27",
            "replies": "0",
            "retweets": "11",
            "text": "\u0ba4\u0bae\u0bbf\u0bb4\u0b95\u0ba4\u0bcd\u0ba4\u0bbf\u0bb2\u0bcd \u0b95\u0bc7\u0bb0\u0bb3 \u0b95\u0bc1\u0baa\u0bcd\u0baa\u0bc8\u0b95\u0bcd\u0b95\u0bb4\u0bbf\u0bb5\u0bc1\u0b95\u0bb3\u0bcd \u0baa\u0bbe.\u0b9c.\u0b95.\u0baa\u0bbf\u0bb0\u0bae\u0bc1\u0b95\u0bb0\u0bc1\u0b95\u0bcd\u0b95\u0bc1 \u0b85\u0baa\u0bb0\u0bbe\u0ba4\u0bae\u0bcd.!!! https://nakkheeran.in/24-by-7-news/thamizhagam/kerala-trashbacks-tamil-nadu-penalties-bjp\u00a0\u2026\n#Kerala #Tamilnadu #BJP",
            "timestamp": "2018-10-16 10:47:00",
            "user": "nakkheeranweb"
        },
        {
            "id": "1052134897433935872",
            "like": "24",
            "replies": "4",
            "retweets": "9",
            "text": "`\u0b87\u0bb3\u0bae\u0bcd\u0baa\u0bc6\u0ba3\u0bcd\u0b95\u0bb3\u0bcd \u0b87\u0bb0\u0bc1\u0ba8\u0bcd\u0ba4\u0bbe\u0bb2\u0bcd \u0b87\u0bb1\u0b99\u0bcd\u0b95\u0bbf\u0bb5\u0bbf\u0b9f\u0bc1\u0b99\u0bcd\u0b95\u0bb3\u0bcd!' - \u0b9a\u0baa\u0bb0\u0bbf\u0bae\u0bb2\u0bc8 \u0bb5\u0bbe\u0b95\u0ba9\u0b99\u0bcd\u0b95\u0bb3\u0bc8 \u0bae\u0bb1\u0bbf\u0b95\u0bcd\u0b95\u0bc1\u0bae\u0bcd \u0baa\u0bcb\u0bb0\u0bbe\u0b9f\u0bcd\u0b9f\u0b95\u0bcd\u0b95\u0bbe\u0bb0\u0bb0\u0bcd\u0b95\u0bb3\u0bcd #SabariMalai #Kerala\nhttp://bit.ly/2PBWbje\u00a0pic.twitter.com/FXvniJ3G0w",
            "timestamp": "2018-10-16 09:51:21",
            "user": "JuniorVikatan"
        },
        {
            "id": "1052134189997416448",
            "like": "22",
            "replies": "0",
            "retweets": "3",
            "text": "`\u0b87\u0bb3\u0bae\u0bcd\u0baa\u0bc6\u0ba3\u0bcd\u0b95\u0bb3\u0bcd \u0b87\u0bb0\u0bc1\u0ba8\u0bcd\u0ba4\u0bbe\u0bb2\u0bcd \u0b87\u0bb1\u0b99\u0bcd\u0b95\u0bbf\u0bb5\u0bbf\u0b9f\u0bc1\u0b99\u0bcd\u0b95\u0bb3\u0bcd!' - \u0b9a\u0baa\u0bb0\u0bbf\u0bae\u0bb2\u0bc8 \u0bb5\u0bbe\u0b95\u0ba9\u0b99\u0bcd\u0b95\u0bb3\u0bc8 \u0bae\u0bb1\u0bbf\u0b95\u0bcd\u0b95\u0bc1\u0bae\u0bcd \u0baa\u0bcb\u0bb0\u0bbe\u0b9f\u0bcd\u0b9f\u0b95\u0bcd\u0b95\u0bbe\u0bb0\u0bb0\u0bcd\u0b95\u0bb3\u0bcd #SabariMalai #Kerala\nhttp://bit.ly/2PBWbje\u00a0pic.twitter.com/710IxOcOcb",
            "timestamp": "2018-10-16 09:48:33",
            "user": "vikatan"
        },
        {
            "id": "1052125245413478402",
            "like": "519",
            "replies": "8",
            "retweets": "68",
            "text": "#KayamkulamKochunni 4 Days Weekend BO (Oct 11-14) :\n\n#Kerala 15.5Cr\n#ROI 2.10Cr\n#Overseas 13Cr\n\nWorldwide Total 30.60Cr (apprx) \n\nRecord breaking start \n@NivinOfficial @mohanlal",
            "timestamp": "2018-10-16 09:13:00",
            "user": "KeralaBO1"
        },
        {
            "id": "1052124528111845376",
            "like": "25",
            "replies": "5",
            "retweets": "11",
            "text": "Big confrontation building up in #Kerala a day ahead of the opening of  #Sabarimala temple. Watch the ground report by @shalinilobo93\n#ITVideo\nMore videos: http://bit.ly/it_videos\u00a0pic.twitter.com/jqwz6GcUtu",
            "timestamp": "2018-10-16 09:10:09",
            "user": "IndiaToday"
        },
        {
            "id": "1052122164361486337",
            "like": "96",
            "replies": "8",
            "retweets": "31",
            "text": "For all those who think #Kerala is #progressive: It is not. As venom of #communalism spreads deeper, some #politicalparties believe that the polarising #Gods will deliver the votes. The spark for divisiveness might have come from outside, but it's fuelled now from withinhttps://twitter.com/charmyh/status/1052114289102872576\u00a0\u2026",
            "timestamp": "2018-10-16 09:00:46",
            "user": "RKRadhakrishn"
        },
        {
            "id": "1052119798753021952",
            "like": "47",
            "replies": "3",
            "retweets": "1",
            "text": "Taking A Dip In The Pond !\n#Cousins #Kerala pic.twitter.com/yH5wAKdROy",
            "timestamp": "2018-10-16 08:51:22",
            "user": "Gowri_janu"
        },
        {
            "id": "1052115827279847424",
            "like": "2577",
            "replies": "36",
            "retweets": "142",
            "text": "Taking A Dip In The Pond !\n#Cousins #Kerala pic.twitter.com/0ARPQgKhe0",
            "timestamp": "2018-10-16 08:35:35",
            "user": "GouriGKishan"
        },
        {
            "id": "1052089962471014400",
            "like": "29",
            "replies": "4",
            "retweets": "6",
            "text": "Trivandrum: Travancore Devaswom Board meets ahead of opening of #SabarimalaTemple tomorrow #Kerala pic.twitter.com/bcaU1Wxnn3",
            "timestamp": "2018-10-16 06:52:48",
            "user": "ANI"
        },
        {
            "id": "1052076110404624384",
            "like": "763",
            "replies": "125",
            "retweets": "177",
            "text": "Thalapathy\u2019s last 4 Releases in #Kerala\n\n1. #Puli ~ Flop\n\n2. #Theri ~ Blockbuster\n\n3. #Bairavaa ~ Flop\n\n4. #Mersal ~ Blockbuster \n\nYour prediction on #Sarkar??pic.twitter.com/gOANR6qJQf",
            "timestamp": "2018-10-16 05:57:46",
            "user": "Forumkeralam1"
        },
        {
            "id": "1052075653464383488",
            "like": "275",
            "replies": "24",
            "retweets": "77",
            "text": "\u0b9a\u0b9f\u0bcd\u0b9f\u0ba4\u0bcd\u0ba4\u0bc8 \u0b95\u0bc8\u0baf\u0bbf\u0bb2\u0bcd \u0b8e\u0b9f\u0bc1\u0b95\u0bcd\u0b95 \u0baf\u0bbe\u0bb0\u0bc8\u0baf\u0bc1\u0bae\u0bcd \u0b85\u0ba9\u0bc1\u0bae\u0ba4\u0bbf\u0b95\u0bcd\u0b95 \u0bae\u0bbe\u0b9f\u0bcd\u0b9f\u0bcb\u0bae\u0bcd... \u0b9a\u0baa\u0bb0\u0bbf\u0bae\u0bb2\u0bc8\u0b95\u0bcd\u0b95\u0bc1 \u0bb5\u0bb0\u0bc1\u0bae\u0bcd \u0baa\u0bc6\u0ba3\u0bcd\u0b95\u0bb3\u0bc1\u0b95\u0bcd\u0b95\u0bc1 \u0b85\u0ba9\u0bc8\u0ba4\u0bcd\u0ba4\u0bc1 \u0bb5\u0bbf\u0ba4\u0bae\u0bbe\u0ba9 \u0bb5\u0b9a\u0ba4\u0bbf\u0b95\u0bb3\u0bc1\u0bae\u0bcd \u0b9a\u0bc6\u0baf\u0bcd\u0ba4\u0bc1 \u0ba4\u0bb0\u0baa\u0bcd\u0baa\u0b9f\u0bc1\u0bae\u0bcd  -\u0b95\u0bc7\u0bb0\u0bb3\u0bbe \u0bae\u0bc1\u0ba4\u0bb2\u0bcd\u0bb5\u0bb0\u0bcd \u0baa\u0bbf\u0ba9\u0bb0\u0bbe\u0baf\u0bbf \u0bb5\u0bbf\u0b9c\u0baf\u0ba9\u0bcd\n#Pinarayi #Kerala #Sabarimala #SabarimalaForAll #Womenspic.twitter.com/AXFtbadhDf",
            "timestamp": "2018-10-16 05:55:57",
            "user": "nakkheeranweb"
        },
        {
            "id": "1052074273098031104",
            "like": "123",
            "replies": "4",
            "retweets": "33",
            "text": "#Kerala CM on #Sabarimala: CM : state govt will ensure safety and security of all devotees.\u00a0No one will be allowed to take law and order into their hands, to check cars or stop people. Govt will not allow any violence in the name of Sabarimala. @ndtvpic.twitter.com/nV9TZm86jz",
            "timestamp": "2018-10-16 05:50:27",
            "user": "SnehaMKoshy"
        },
        {
            "id": "1052070373888425984",
            "like": "38",
            "replies": "0",
            "retweets": "12",
            "text": "\u201cMy house got flooded and badly damaged during #KeralaFloods. To ensure that diseases didn\u2019t spread, I would always wash my hands with soap before eating food and after using the toilet\u201d \u2014 Sandra Sara  Jose, 16, from M.S.H.S school in Ranni, #Kerala.\n#GlobalHandwashingDaypic.twitter.com/B8Lxx8fI9l",
            "timestamp": "2018-10-16 05:34:58",
            "user": "UNICEFIndia"
        },
        {
            "id": "1052066862073356288",
            "like": "22",
            "replies": "2",
            "retweets": "3",
            "text": "#SabarimalaFaceoff escalates, Women's rights groups launch counter-protest in #Kerala to demand implementation of SC verdict | Follow #LIVE updates http://bit.ly/2ylGB4D\u00a0pic.twitter.com/9m0OxKl9rw",
            "timestamp": "2018-10-16 05:21:01",
            "user": "firstpost"
        },
        {
            "id": "1052062029756784641",
            "like": "21",
            "replies": "0",
            "retweets": "9",
            "text": "#Kerala on the edge a day ahead of #Sabarimala temple's reopening. Watch this report\n#RightToPray #ITVideo\nMore videos: http://bit.ly/it_videos\u00a0pic.twitter.com/kJ309k09Nd",
            "timestamp": "2018-10-16 05:01:48",
            "user": "IndiaToday"
        },
        {
            "id": "635858583377199104",
            "like": "8",
            "replies": "1",
            "retweets": "14",
            "text": "#Vaalu #Kerala #BoxOffice\nGross 80 lakhs\nnett about 60 lakhs\nDistributors share 31 lakhs appx\n@iam_str @ihansika @MusicThaman",
            "timestamp": "2015-08-24 16:57:54",
            "user": "BreakingViews4u"
        },
        {
            "id": "635854474347696128",
            "like": "22",
            "replies": "0",
            "retweets": "10",
            "text": "There may be 1 more photoshoot for the #Rajni starrer #Kabali.. Shoot will start in #Malaysia and end in #Kerala. Source: Kungumam Magazine",
            "timestamp": "2015-08-24 16:41:34",
            "user": "Enthiran2Movie"
        },
        {
            "id": "635812769690841088",
            "like": "22",
            "replies": "3",
            "retweets": "70",
            "text": "Congrats #Kochi for hosting the World's first #Solar powered #Airport. #Kerala leads the way 4 othr states 2 follow. pic.twitter.com/XxdlM9F5vl",
            "timestamp": "2015-08-24 13:55:51",
            "user": "rajeev_mp"
        },
        {
            "id": "635788016372482048",
            "like": "5",
            "replies": "2",
            "retweets": "11",
            "text": "Pls sign petition! Mass killing of stray dogs in Kerala..india http://www.thepetitionsite.com/tell-a-friend/14028226\u00a0\u2026 #Kerala pic.twitter.com/s2Bh8GmTHT",
            "timestamp": "2015-08-24 12:17:30",
            "user": "caroline_grieve"
        },
        {
            "id": "635726229631467521",
            "like": "6",
            "replies": "2",
            "retweets": "15",
            "text": "#DeshDrohiMedia  Asianet journos   in high spirits in public road! #OnamCelebrations #Kerala pic.twitter.com/ufCY3VGgt0",
            "timestamp": "2015-08-24 08:11:59",
            "user": "jothishnair1010"
        },
        {
            "id": "635681419105165312",
            "like": "100",
            "replies": "2",
            "retweets": "140",
            "text": "#SopnamFilms recovers 200% of their investment in @urstrulyMahesh 's #Selvandhan in #Kerala in jus a week! pic.twitter.com/cmAyF1xe4b",
            "timestamp": "2015-08-24 05:13:55",
            "user": "rameshlaus"
        },
        {
            "id": "635651419643576321",
            "like": "47",
            "replies": "1",
            "retweets": "44",
            "text": "There may be one more photo shoot for #Kabali.. Shoot will start in #Malaysia and end in #Kerala.. #Kungumam Magz",
            "timestamp": "2015-08-24 03:14:42",
            "user": "rameshlaus"
        },
        {
            "id": "635641574613893120",
            "like": "2",
            "replies": "0",
            "retweets": "13",
            "text": "Thank you. When the law ceases to exist in #Kerala & animals are killed with brutality, only #Shame can #StopKillinghttps://twitter.com/redwolf101gail/status/635598360007823360\u00a0\u2026",
            "timestamp": "2015-08-24 02:35:35",
            "user": "SaveKeralaDogs"
        },
        {
            "id": "635615606683754496",
            "like": "22",
            "replies": "0",
            "retweets": "100",
            "text": "Christo-Islamic state continues MT \u201c@HKupdate: \nState #Evangelism in #Kerala: writing off loans 2 Converted Xians pic.twitter.com/cv0avVxroc\u201d",
            "timestamp": "2015-08-24 00:52:24",
            "user": "sankrant"
        },
        {
            "id": "635566807139663874",
            "like": "86",
            "replies": "16",
            "retweets": "316",
            "text": "Convert 2 Xianity & get rid off loans !\n\nState sponsord #Evangelism in #Kerala by writing off loans 2 Converted Xians pic.twitter.com/SXwA1qMVBi",
            "timestamp": "2015-08-23 21:38:29",
            "user": "HKupdate"
        },
        {
            "id": "635564506874298371",
            "like": "6",
            "replies": "1",
            "retweets": "14",
            "text": "PLS SIGN! Help #KeralaDogs Stop Indiscriminate Culling of Stray Dogs in #Kerala #India https://www.change.org/p/indian-pm-narendra-modi-kerala-chief-minister-oommen-chandy-union-cabinet-minister-maneka-gandhi-stop-indiscriminate-culling-of-stray-dogs-in-kerala-76c6902c-34c6-41d0-b977-a4ee6ac948a3?recruiter=77551773&utm_source=share_petition&utm_medium=twitter&utm_campaign=share_twitter_responsive&rp_sharecordion_checklist=control\u00a0\u2026 \u0441 \u043f\u043e\u043c\u043e\u0449\u044c\u044e @ChangeOrgRus",
            "timestamp": "2015-08-23 21:29:21",
            "user": "AlisaRusBuffo"
        },
        {
            "id": "635512226091266048",
            "like": "4",
            "replies": "2",
            "retweets": "13",
            "text": "EVIDENCE-40dogs/pups killd in Kannur #Kerala 22Aug'15-Lady assaultd-NO FIR-Bodies Gone #SaveKerelaDogs #CruelKeralapic.twitter.com/fcCC5Hqvf7",
            "timestamp": "2015-08-23 18:01:36",
            "user": "PandeyKamna"
        },
        {
            "id": "885542565566611458",
            "like": "7",
            "replies": "2",
            "retweets": "23",
            "text": "#Kerala - on its way to become another #Kashmir of South...http://fb.me/8ZENpnl2s\u00a0",
            "timestamp": "2017-07-13 16:52:54",
            "user": "IndianSanskriti"
        },
        {
            "id": "885524791041511424",
            "like": "40",
            "replies": "7",
            "retweets": "5",
            "text": "The proposed new football club from Trivandrum #Kerala would sure revive South Kerala football landscape. #Indianfootball",
            "timestamp": "2017-07-13 15:42:17",
            "user": "Shaji4Football"
        },
        {
            "id": "885507879716900864",
            "like": "42",
            "replies": "11",
            "retweets": "28",
            "text": "I can't imagine this Traffic Discipline in #Ahmedabad. \n#Trivendrum, #Kerala sets benchmark.\n*No TrafficPolice in vicinity but CCTVs. pic.twitter.com/0Fh2Ilgqqh",
            "timestamp": "2017-07-13 14:35:05",
            "user": "kumarmanish9"
        },
        {
            "id": "885497837907300352",
            "like": "44",
            "replies": "3",
            "retweets": "9",
            "text": "Our members Are ready to support @IndianFootball in AFC U23 Championship qualifier at Qatar on July 19th & 23rd @fni @StephenConstan #Kerala pic.twitter.com/9B5e22ooMt",
            "timestamp": "2017-07-13 13:55:10",
            "user": "south_soccers"
        },
        {
            "id": "885457683876270080",
            "like": "21",
            "replies": "2",
            "retweets": "1",
            "text": "There's something magical about this photo. \n#Kerala #IndianRailwayspic.twitter.com/mMYhfXjWdo",
            "timestamp": "2017-07-13 11:15:37",
            "user": "amithajith"
        },
        {
            "id": "885446894389940224",
            "like": "73",
            "replies": "2",
            "retweets": "19",
            "text": "Met Fisheries Minister of #Kerala Smt. J. Mercykutty Amma ji to discuss #Fisheries and its growth in the state.pic.twitter.com/PiRAoXAC0M",
            "timestamp": "2017-07-13 10:32:45",
            "user": "RadhamohanBJP"
        },
        {
            "id": "885438830513463296",
            "like": "17",
            "replies": "0",
            "retweets": "34",
            "text": "1\u0936\u094d\u0930\u0947\u0937\u094d\u0920 #PM \u0939\u094b\u0924\u0947 \u0939\u0941\u090f \u092d\u0940\n#Bengal\n#Kerala\n\u0938\u0939\u093f\u0924 \u092d\u093e\u0930\u0924\u0935\u0930\u094d\u0937 \u0915\u0947 \u0915\u0908 \u0939\u093f\u0938\u094d\u0938\u094b\u0902 \u092e\u0947\u0902\n\u0939\u093f\u0928\u094d\u0926\u0941\u0913\u0902 \u0915\u093e \u0938\u0930\u0947\u0906\u092e\n\u0915\u0924\u094d\u0932\u0947\u0906\u092e \u091c\u093e\u0930\u0940 \u0939\u0948\n\u0926\u0941\u0936\u094d\u092e\u0928 \u090f\u0915\u091c\u0941\u091f\n\u0932\u0947\u0915\u093f\u0928\n\u0939\u093f\u0928\u094d\u0926\u0941 \u0935\u093f\u092d\u0915\u094d\u0924 pic.twitter.com/A7GoqQG3lV",
            "timestamp": "2017-07-13 10:00:42",
            "user": "SaundiD"
        },
        {
            "id": "885435737595826176",
            "like": "48",
            "replies": "5",
            "retweets": "27",
            "text": "Thiruvananthapuram: ABVP protests against fee hike in self-financing medical colleges. Police use water cannons #Kerala pic.twitter.com/MIvDZ5v19k",
            "timestamp": "2017-07-13 09:48:25",
            "user": "ANI"
        },
        {
            "id": "885417556286218240",
            "like": "41",
            "replies": "2",
            "retweets": "19",
            "text": "Wooden toys.\nThe exquisite figures of mythological figures, dancers, animals & birds display the extraordinary artistic skills of #Kerala pic.twitter.com/9UqkXk3QYB",
            "timestamp": "2017-07-13 08:36:10",
            "user": "IndianDiplomacy"
        },
        {
            "id": "885398352086675456",
            "like": "101",
            "replies": "19",
            "retweets": "76",
            "text": "Pl go back to #GauriAmma in #Kerala apologise 4 not making her CM. U couldn't find a #Dalit fit 4 politburo in 9 decades! @SitaramYechury https://twitter.com/SitaramYechury/status/885362900046553089\u00a0\u2026",
            "timestamp": "2017-07-13 07:19:51",
            "user": "RatanSharda55"
        },
        {
            "id": "885391474518523905",
            "like": "59",
            "replies": "4",
            "retweets": "133",
            "text": "This is so shocking ! MSM report claims that #Kerala is hub of Islamic terrorism, conversion of Hindus, Jihad.\n\nhttp://ecoti.in/63k26b\u00a0pic.twitter.com/u8QCFXPgBj",
            "timestamp": "2017-07-13 06:52:31",
            "user": "ShankhNaad"
        },
        {
            "id": "885391122377265152",
            "like": "107",
            "replies": "1",
            "retweets": "40",
            "text": "#Billa2 In #Kerala #Palakkad Town 35 Shows In First 3 Days\n\nAll Time Record For Any Language Movie In That Time\n5YrsOfGloriousBILLA2pic.twitter.com/8DtWz5beYC",
            "timestamp": "2017-07-13 06:51:08",
            "user": "AthulBalendran"
        },
        {
            "id": "885380344953716736",
            "like": "57",
            "replies": "3",
            "retweets": "26",
            "text": "\u0b85\u0baa\u0bcd\u0ba4\u0bc1\u0bb2\u0bcd\u0b95\u0bb2\u0bbe\u0bae\u0bcd \u0ba8\u0bbf\u0ba9\u0bc8\u0bb5\u0bc1 \u0b85\u0bb0\u0bc1\u0b99\u0bcd\u0b95\u0bbe\u0b9f\u0bcd\u0b9a\u0bbf\u0baf\u0b95\u0bae\u0bcd \u0b95\u0bc7\u0bb0\u0bb3\u0bbe\u0bb5\u0bbf\u0bb2\u0bcd \u0bb5\u0bbf\u0baf\u0bbe\u0bb4\u0b95\u0bcd\u0b95\u0bbf\u0bb4\u0bae\u0bc8 \u0ba4\u0bbf\u0bb1\u0baa\u0bcd\u0baa\u0bc1\n#Abdulkalam #MemorialMuseum #Kerala #RarePhotos #KalamsPoems.pic.twitter.com/4T5EgDo3x8",
            "timestamp": "2017-07-13 06:08:18",
            "user": "polimernews"
        },
        {
            "id": "885349001167548416",
            "like": "150",
            "replies": "7",
            "retweets": "301",
            "text": "#\u0938\u094d\u0935\u091a\u094d\u091b\u092d\u093e\u0930\u0924:1,418 cities of #Jharkhand #MP #Maharashtra #Chattisgarh #Kerala & #Telangana to be #ODF by #October!pic.twitter.com/9hY0DV28NG",
            "timestamp": "2017-07-13 04:03:45",
            "user": "mpparimal"
        },
        {
            "id": "885334895660122113",
            "like": "25",
            "replies": "0",
            "retweets": "12",
            "text": "Consul General of India, Jeddah: Among 11 killed in #NajranFire, 4 are from #UttarPradesh, 3 from #Kerala & one each from Bihar & #TamilNadu",
            "timestamp": "2017-07-13 03:07:42",
            "user": "DDNewsLive"
        },
        {
            "id": "885246232867741696",
            "like": "41",
            "replies": "3",
            "retweets": "14",
            "text": "\u0b8f\u0bb5\u0bc1\u0b95\u0ba3\u0bc8 \u0ba8\u0bbe\u0baf\u0b95\u0ba9\u0bc1\u0b95\u0bcd\u0b95\u0bc1 \u0baa\u0bc1\u0ba4\u0bbf\u0baf \u0b85\u0bb0\u0bc1\u0b99\u0bcd\u0b95\u0bbe\u0b9f\u0bcd\u0b9a\u0bbf\u0baf\u0b95\u0bae\u0bcd.. \u0b95\u0bc7\u0bb0\u0bb3\u0bbe\u0bb5\u0bbf\u0bb2\u0bcd \u0b87\u0ba9\u0bcd\u0bb1\u0bc1 \u0ba4\u0bbf\u0bb1\u0baa\u0bcd\u0baa\u0bc1 http://tamil.oneindia.com/news/india/museum-dedicated-dr-apj-abdul-kalam-open-kerala-289342.html\u00a0\u2026 #museum #kerala #",
            "timestamp": "2017-07-12 21:15:23",
            "user": "thatsTamil"
        },
        {
            "id": "885212277867073536",
            "like": "42",
            "replies": "0",
            "retweets": "16",
            "text": "\u0b85\u0baa\u0bcd\u0ba4\u0bc1\u0bb2\u0bcd\u0b95\u0bb2\u0bbe\u0bae\u0bcd \u0ba8\u0bbf\u0ba9\u0bc8\u0bb5\u0bc1 \u0b85\u0bb0\u0bc1\u0b99\u0bcd\u0b95\u0bbe\u0b9f\u0bcd\u0b9a\u0bbf\u0baf\u0b95\u0bae\u0bcd \u0b95\u0bc7\u0bb0\u0bb3\u0bbe\u0bb5\u0bbf\u0bb2\u0bcd \u0bb5\u0bbf\u0baf\u0bbe\u0bb4\u0b95\u0bcd\u0b95\u0bbf\u0bb4\u0bae\u0bc8 \u0ba4\u0bbf\u0bb1\u0baa\u0bcd\u0baa\u0bc1 #AbdulKalam #FormerPresident #kerala https://goo.gl/g9FhZa\u00a0",
            "timestamp": "2017-07-12 19:00:28",
            "user": "polimernews"
        },
        {
            "id": "885204220655263746",
            "like": "43",
            "replies": "1",
            "retweets": "17",
            "text": "Un d\u00eda en #Kerala para darnos cuenta de que hay una #India verde y diferente en la que conviven 4 tipos de religiones. Volvemos en 3 semanspic.twitter.com/ONuUkMpSZn",
            "timestamp": "2017-07-12 18:28:27",
            "user": "ElviajeMehizo"
        },
        {
            "id": "885195685540253696",
            "like": "25",
            "replies": "0",
            "retweets": "6",
            "text": "#Thala #Ajith Latest Pic With #Kerala Ajith Fan Yasar | #KeralaAjithFans #ThalaiViduthalai #Survivapic.twitter.com/MMi5xqErQ2",
            "timestamp": "2017-07-12 17:54:32",
            "user": "AthulBalendran"
        },
        {
            "id": "885194933027708928",
            "like": "37",
            "replies": "3",
            "retweets": "5",
            "text": "Vineeth will be given appropriate job: #Kerala #sports minister \n\n#Indianfootballhttp://ow.ly/Dz2q30dzRsm\u00a0",
            "timestamp": "2017-07-12 17:51:32",
            "user": "fni"
        },
        {
            "id": "885184094623150080",
            "like": "120",
            "replies": "8",
            "retweets": "214",
            "text": "#Kerala has become hub of conversion & love jihad. @EconomicTimes claims that #IUML is growing Islamic Terrorists.\n\nhttp://www.ecoti.in/63k26b\u00a0pic.twitter.com/o0CSnLjlS0",
            "timestamp": "2017-07-12 17:08:28",
            "user": "ShankhNaad"
        },
        {
            "id": "885138244442226690",
            "like": "5",
            "replies": "0",
            "retweets": "20",
            "text": "The #Qatari money and #terrorism financing.\nThe industry of extremism in #Kerala pic.twitter.com/uWOBJifkzQ",
            "timestamp": "2017-07-12 14:06:17",
            "user": "alsyaaf"
        }
    ]
}